id,campaign_id,date,is_weekend,impressions,clicks,spend,sales,orders,acos,roas,ctr,cpc,cvr
006d630b-6296-43ee-a251-74a98a03ae96,627f03ee-d213-4a09-a407-7db8a55eb993,2025-12-17,0,6340,246,308.46,1605.57,23,19.21,5.21,0.04,1.25,0.1
00971037-7c68-4106-bcf0-bb5d77d9f1e2,cba76de2-4212-4f37-ad08-dc324701126a,2025-06-03,0,5838,101,155.91,740.61,7,21.05,4.75,0.02,1.53,0.07
00a4ee75-eecb-4d7c-ac2c-8d086ae784f2,a2f52393-652a-4cc1-9b80-8cdef1ebc473,2025-09-05,0,14735,501,446.58,2459.59,40,18.16,5.51,0.03,0.89,0.08
0392f10d-59ec-49f9-8ec8-654104af6f58,627f03ee-d213-4a09-a407-7db8a55eb993,2025-12-28,1,13580,311,345.61,4386.16,38,7.88,12.69,0.02,1.11,0.12
039b261e-b844-4877-8c75-7b9f8dd75d74,e5ce6a0d-94c4-4008-a0db-9c12e44c6556,2025-11-08,1,4891,158,225.3,1222.0,13,18.44,5.42,0.03,1.42,0.09
03f0eb85-1a8e-430c-ac24-fbe8d99317e6,cf877ca9-11be-4504-aa33-d99b145ce5be,2025-02-20,0,6787,112,141.34,563.03,6,25.1,3.98,0.02,1.26,0.06
03f16e73-0530-4830-85e3-3e8fe0dd2590,a2f52393-652a-4cc1-9b80-8cdef1ebc473,2025-08-21,0,10181,280,278.02,1819.27,20,15.28,6.54,0.03,0.99,0.07
042d5af2-8250-48a8-bdfe-9ac7fd13bad4,cf877ca9-11be-4504-aa33-d99b145ce5be,2025-03-14,0,7329,269,287.99,817.38,13,35.23,2.84,0.04,1.07,0.05
04bbff10-2a70-4597-b83d-bb51a3be5391,a2f52393-652a-4cc1-9b80-8cdef1ebc473,2025-07-11,0,13484,298,259.65,3313.73,24,7.84,12.76,0.02,0.87,0.08
04fe0520-41bc-4e4f-9e96-5952ed1bafeb,627f03ee-d213-4a09-a407-7db8a55eb993,2025-12-30,0,16322,364,368.04,5896.43,45,6.24,16.02,0.02,1.01,0.12
067f4139-3000-4ddc-b75e-5b64e0d41e86,627f03ee-d213-4a09-a407-7db8a55eb993,2025-12-11,0,11672,321,340.91,2628.46,32,12.97,7.71,0.03,1.06,0.1
0867b9ca-d942-4ead-bee5-761b0b28513b,cba76de2-4212-4f37-ad08-dc324701126a,2025-05-07,0,6792,108,123.74,611.38,7,20.24,4.94,0.02,1.14,0.07
09d45b6e-2cc5-44c0-ba3b-37288b9528ae,627f03ee-d213-4a09-a407-7db8a55eb993,2026-02-03,0,24196,617,562.03,5349.43,62,10.51,9.52,0.03,0.91,0.1
0a038d5c-d76c-40c5-8752-00f7c6189fa5,cf877ca9-11be-4504-aa33-d99b145ce5be,2025-04-02,0,6135,181,224.89,1424.99,12,15.78,6.34,0.03,1.24,0.07
0a7be301-a5eb-47d6-a36c-9b3f63f86e74,cf877ca9-11be-4504-aa33-d99b145ce5be,2025-03-21,0,9004,217,262.78,1247.82,11,21.06,4.75,0.02,1.21,0.05
0b3281ba-e1fd-41c8-aa93-596b14d3bacb,627f03ee-d213-4a09-a407-7db8a55eb993,2026-01-06,0,16208,483,474.12,5070.98,44,9.35,10.7,0.03,0.98,0.09
0d32547e-8f26-4610-9faa-fe534144dbbf,e5ce6a0d-94c4-4008-a0db-9c12e44c6556,2025-11-09,1,7193,223,216.43,1522.91,21,14.21,7.04,0.03,0.97,0.1
0df9913c-2fa0-4cb7-b0a9-deac09675b52,cba76de2-4212-4f37-ad08-dc324701126a,2025-05-24,1,13881,422,354.95,2258.57,27,15.72,6.36,0.03,0.84,0.06
0e2a2298-a40b-41af-aed2-cd477a008daf,cba76de2-4212-4f37-ad08-dc324701126a,2025-05-13,0,3447,121,177.19,1236.23,9,14.33,6.98,0.04,1.46,0.08
0fbf16b9-49df-4654-9232-bf3e271f86cd,a2f52393-652a-4cc1-9b80-8cdef1ebc473,2025-07-21,0,11626,193,173.88,1291.47,16,13.46,7.43,0.02,0.9,0.09
11641399-b171-49f6-b18c-fd76d7a1b3c2,e5ce6a0d-94c4-4008-a0db-9c12e44c6556,2025-11-06,0,15786,251,392.76,1702.23,25,23.07,4.33,0.02,1.56,0.1
11992bcb-18d7-4ac6-b593-9c2d3e0405a8,627f03ee-d213-4a09-a407-7db8a55eb993,2025-12-18,0,13595,450,441.78,5908.65,43,7.48,13.37,0.03,0.98,0.1
11ed137b-717f-41b9-8c18-431977b8b581,627f03ee-d213-4a09-a407-7db8a55eb993,2026-01-24,1,27272,420,403.45,4023.14,44,10.03,9.97,0.02,0.96,0.11
12208ccd-7762-4b2e-a188-c0a8ceba196a,a2f52393-652a-4cc1-9b80-8cdef1ebc473,2025-07-10,0,7853,289,385.51,1588.21,21,24.27,4.12,0.04,1.33,0.08
123e8201-8a9a-45d7-a296-f87eb6cf690f,cf877ca9-11be-4504-aa33-d99b145ce5be,2025-03-27,0,15827,239,284.69,928.77,13,30.65,3.26,0.02,1.19,0.06
124d7149-671f-40ab-b49f-fd81c860f48d,627f03ee-d213-4a09-a407-7db8a55eb993,2025-12-15,0,12208,293,287.36,2424.12,31,11.85,8.44,0.02,0.98,0.11
1254ae4d-36c4-4651-a3f9-b109e1ffc3e3,cf877ca9-11be-4504-aa33-d99b145ce5be,2025-04-04,0,8768,178,214.14,1078.3,9,19.86,5.04,0.02,1.2,0.05
130ad3d3-86af-4371-b422-d7006ec2b00b,a2f52393-652a-4cc1-9b80-8cdef1ebc473,2025-08-07,0,7301,184,279.0,1244.64,13,22.42,4.46,0.03,1.51,0.07
1334bd06-3230-4109-bc0d-a2bfcb431e92,a2f52393-652a-4cc1-9b80-8cdef1ebc473,2025-09-13,1,7897,278,445.9,1852.3,23,24.07,4.15,0.04,1.6,0.08
135dd4c4-0f04-414b-a23d-d8e0caa1e584,627f03ee-d213-4a09-a407-7db8a55eb993,2025-12-01,0,12666,342,403.95,3953.34,31,10.22,9.79,0.03,1.18,0.09
142a335d-0810-4cc4-83fe-357276602f03,cba76de2-4212-4f37-ad08-dc324701126a,2025-05-01,0,4897,192,165.86,1588.6,13,10.44,9.58,0.04,0.86,0.07
14582321-5c6b-4020-aef0-cf516bf3af98,e5ce6a0d-94c4-4008-a0db-9c12e44c6556,2025-10-26,1,8578,169,247.97,1091.67,15,22.72,4.4,0.02,1.46,0.09
14bdd153-bced-45d1-9289-359ff771d218,e5ce6a0d-94c4-4008-a0db-9c12e44c6556,2025-09-20,1,10361,315,350.43,2378.05,30,14.74,6.79,0.03,1.11,0.1
14c5ce73-1c8a-487d-8e2a-e5c5e328c3f1,a2f52393-652a-4cc1-9b80-8cdef1ebc473,2025-07-23,0,5931,121,148.9,966.76,8,15.4,6.49,0.02,1.23,0.07
158382b3-bcb1-4d9e-b1e4-0d12b33e0991,627f03ee-d213-4a09-a407-7db8a55eb993,2025-11-28,0,18841,488,444.73,7772.68,59,5.72,17.48,0.03,0.91,0.12
17527b18-aa9a-4d7c-a8ea-f51b5bae7d59,e5ce6a0d-94c4-4008-a0db-9c12e44c6556,2025-09-23,0,6415,213,250.23,1395.38,21,17.93,5.58,0.03,1.17,0.1
18cbd34b-895b-4351-8553-b5029681b3e6,627f03ee-d213-4a09-a407-7db8a55eb993,2026-01-08,0,12289,263,306.2,2242.43,23,13.65,7.32,0.02,1.16,0.09
19a35230-30b5-4b82-84ed-4b4b2b123ea1,cf877ca9-11be-4504-aa33-d99b145ce5be,2025-03-30,1,4593,147,202.4,1175.14,11,17.22,5.81,0.03,1.37,0.08
1a6ef3f4-55d2-45b7-8fbc-04bec85693db,cf877ca9-11be-4504-aa33-d99b145ce5be,2025-03-04,0,3897,76,116.2,401.91,4,28.91,3.46,0.02,1.51,0.05
1a750d8d-85cb-4093-b6c0-6ddba988135f,e5ce6a0d-94c4-4008-a0db-9c12e44c6556,2025-11-14,0,19891,368,438.52,3136.87,35,13.98,7.15,0.02,1.19,0.1
1b051037-21df-4e5a-bd1e-ee3a3a118485,cf877ca9-11be-4504-aa33-d99b145ce5be,2025-03-29,1,5207,201,311.0,904.51,12,34.38,2.91,0.04,1.54,0.06
1c7b4440-dd21-484f-9f29-b84b88e9b5ac,a2f52393-652a-4cc1-9b80-8cdef1ebc473,2025-09-11,0,8063,304,383.31,1681.51,27,22.8,4.39,0.04,1.26,0.09
1d62c6f5-5343-4a66-91a1-590cb3aa993c,cf877ca9-11be-4504-aa33-d99b145ce5be,2025-04-03,0,3431,116,132.89,917.4,7,14.49,6.9,0.03,1.14,0.06
1d7ff2d7-29d3-4873-b8a0-12838a999044,cf877ca9-11be-4504-aa33-d99b145ce5be,2025-02-21,0,6226,198,184.23,1150.47,13,16.01,6.24,0.03,0.93,0.07
1e719b42-569a-4167-aaca-c63ad2040075,cf877ca9-11be-4504-aa33-d99b145ce5be,2025-03-18,0,3844,138,171.43,815.23,8,21.03,4.76,0.04,1.24,0.06
1e956ab1-d547-45b8-b588-ce496b5f40b0,cba76de2-4212-4f37-ad08-dc324701126a,2025-05-22,0,3617,102,140.72,807.97,6,17.42,5.74,0.03,1.37,0.06
1fbe05a0-9b1f-4852-b960-684e751ea2ba,e5ce6a0d-94c4-4008-a0db-9c12e44c6556,2025-10-21,0,7955,253,309.76,1776.4,22,17.44,5.73,0.03,1.22,0.09
1fd95c6e-0594-42ad-9899-1fd1d92d42ed,cba76de2-4212-4f37-ad08-dc324701126a,2025-05-10,1,15268,313,414.04,3029.74,25,13.67,7.32,0.02,1.32,0.08
207ba0f4-3f46-4624-8fc5-c8bc5c644a2e,a2f52393-652a-4cc1-9b80-8cdef1ebc473,2025-07-26,1,10436,263,342.05,1678.55,26,20.38,4.91,0.03,1.3,0.1
20bb4050-1ae6-4d9a-ab7e-c68196170282,e5ce6a0d-94c4-4008-a0db-9c12e44c6556,2025-09-26,0,12328,270,327.24,1660.55,25,19.71,5.07,0.02,1.21,0.1
21208e38-3c21-4eea-b9c1-27ca2ce2240f,cf877ca9-11be-4504-aa33-d99b145ce5be,2025-03-24,0,3450,108,165.38,593.39,6,27.87,3.59,0.03,1.53,0.06
2195e020-bcf1-42e4-be78-a7d614d26014,cf877ca9-11be-4504-aa33-d99b145ce5be,2025-02-18,0,9897,291,270.76,1145.88,19,23.63,4.23,0.03,0.93,0.07
2385f059-ef37-455e-a40a-0651413ea892,627f03ee-d213-4a09-a407-7db8a55eb993,2026-01-05,0,5648,183,286.94,1997.32,19,14.37,6.96,0.03,1.56,0.11
24c7d11a-3323-4dc2-a157-ab9a8b9383e8,e5ce6a0d-94c4-4008-a0db-9c12e44c6556,2025-10-07,0,8235,266,413.58,2296.19,24,18.01,5.55,0.03,1.55,0.09
25c1cf35-aeb4-43da-8ef4-5a0c12589f69,cf877ca9-11be-4504-aa33-d99b145ce5be,2025-03-28,0,12041,348,334.72,1943.76,23,17.22,5.81,0.03,0.96,0.07
2662d413-0db5-4ce3-96a6-c71696a99ac2,cba76de2-4212-4f37-ad08-dc324701126a,2025-05-06,0,3935,98,148.88,779.77,6,19.09,5.24,0.02,1.51,0.06
2763ecea-377b-4cf0-860e-51288c10e805,a2f52393-652a-4cc1-9b80-8cdef1ebc473,2025-07-20,1,7021,198,211.95,1152.96,17,18.38,5.44,0.03,1.07,0.09
28a8f291-c167-4f76-b624-63c18012e2f5,e5ce6a0d-94c4-4008-a0db-9c12e44c6556,2025-10-31,0,5609,138,217.57,1423.9,13,15.28,6.54,0.02,1.57,0.1
28daaf47-d55b-4efb-9fa1-8a82ea64c91f,627f03ee-d213-4a09-a407-7db8a55eb993,2026-01-30,0,5993,187,256.64,1672.03,19,15.35,6.52,0.03,1.37,0.1
2a13accd-adcb-4875-95de-bf57253f1956,cf877ca9-11be-4504-aa33-d99b145ce5be,2025-04-09,0,11083,307,282.5,1430.78,16,19.74,5.06,0.03,0.92,0.05
2b43a1c6-16e5-4c0f-85c0-58de4bff6eff,cf877ca9-11be-4504-aa33-d99b145ce5be,2025-04-12,1,14657,321,424.54,1257.45,19,33.76,2.96,0.02,1.32,0.06
2c3619de-4960-46be-adeb-ec4ce227b584,cf877ca9-11be-4504-aa33-d99b145ce5be,2025-02-14,0,2118,68,105.54,377.91,4,27.93,3.58,0.03,1.53,0.07
2cb7443b-d026-47f5-974b-626b71341052,a2f52393-652a-4cc1-9b80-8cdef1ebc473,2025-07-04,0,16915,362,387.46,2166.88,27,17.88,5.59,0.02,1.07,0.08
2d07b734-0fd9-4f88-8ed1-deb155884579,e5ce6a0d-94c4-4008-a0db-9c12e44c6556,2025-11-03,0,14186,427,423.34,2847.8,35,14.87,6.73,0.03,0.99,0.08
2d58913d-4720-4212-a238-aa3cf4571ac5,e5ce6a0d-94c4-4008-a0db-9c12e44c6556,2025-10-01,0,4368,166,237.75,1744.59,15,13.63,7.34,0.04,1.43,0.1
2eb2cdae-8ce4-4e74-af72-1a0ef0fca421,a2f52393-652a-4cc1-9b80-8cdef1ebc473,2025-08-04,0,11520,288,274.08,3044.71,24,9.0,11.11,0.03,0.95,0.09
2ec5ec17-0b46-4470-936c-d6d4b1f3178a,627f03ee-d213-4a09-a407-7db8a55eb993,2025-12-08,0,5437,149,198.55,1898.27,14,10.46,9.56,0.03,1.33,0.1
2f4618e6-6151-4a1a-9b2f-caffa82e14f8,a2f52393-652a-4cc1-9b80-8cdef1ebc473,2025-08-06,0,13241,241,231.43,2651.97,20,8.73,11.46,0.02,0.96,0.09
2f8a1832-f32a-4264-97db-58332e6d896f,cba76de2-4212-4f37-ad08-dc324701126a,2025-06-17,0,14648,271,301.28,2196.02,18,13.72,7.29,0.02,1.11,0.07
300040a5-0a85-4751-b3e6-64fd2cf1b441,627f03ee-d213-4a09-a407-7db8a55eb993,2026-01-03,1,15352,327,343.88,4054.72,34,8.48,11.79,0.02,1.05,0.11
304dd0ce-270b-43d4-bdcb-2d427375a85b,cba76de2-4212-4f37-ad08-dc324701126a,2025-05-03,1,8328,264,413.26,2273.24,19,18.18,5.5,0.03,1.56,0.07
30ff699e-9515-4cc3-a207-9d5d4fb86a3e,cba76de2-4212-4f37-ad08-dc324701126a,2025-06-23,0,3867,128,183.05,605.85,8,30.21,3.31,0.03,1.43,0.07
3270b18b-20eb-40ea-bfd6-7a1a6306ac7d,cba76de2-4212-4f37-ad08-dc324701126a,2025-06-25,0,5329,97,149.57,404.78,6,36.95,2.71,0.02,1.53,0.07
329bd392-e851-4b1a-b913-49576547a7f9,cba76de2-4212-4f37-ad08-dc324701126a,2025-06-19,0,4932,147,169.34,857.4,11,19.75,5.06,0.03,1.15,0.08
33e4bc95-c0fa-4748-a3c3-a68427da0f93,cba76de2-4212-4f37-ad08-dc324701126a,2025-05-26,0,3625,124,148.73,688.92,8,21.59,4.63,0.03,1.19,0.07
349017c2-bb51-401d-a149-c4d9bc6809d1,e5ce6a0d-94c4-4008-a0db-9c12e44c6556,2025-09-27,1,16680,412,515.67,4868.33,44,10.59,9.44,0.02,1.25,0.11
351f1d21-1f42-4c8f-bea4-633e3fc8f7e9,627f03ee-d213-4a09-a407-7db8a55eb993,2026-01-22,0,10194,315,494.89,3880.96,29,12.75,7.84,0.03,1.57,0.09
35fc26e3-29d0-4dd7-b5d4-3df5b3d487fb,627f03ee-d213-4a09-a407-7db8a55eb993,2025-12-26,0,10327,189,297.5,1999.57,20,14.88,6.72,0.02,1.57,0.11
36b5a92c-c32b-4c49-ac5f-2e2677d77a1b,cba76de2-4212-4f37-ad08-dc324701126a,2025-05-27,0,19367,337,377.64,2233.99,27,16.9,5.92,0.02,1.12,0.08
36e2951f-a4ef-48ff-a977-b32ac6693f57,cf877ca9-11be-4504-aa33-d99b145ce5be,2025-03-09,1,10168,363,323.66,3117.75,24,10.38,9.63,0.04,0.89,0.07
374113fc-2af6-48af-898e-febc05a32de5,a2f52393-652a-4cc1-9b80-8cdef1ebc473,2025-07-08,0,4281,152,200.96,987.69,10,20.35,4.91,0.04,1.32,0.07
37cc6a4f-d016-45dc-a96b-612b76e80491,627f03ee-d213-4a09-a407-7db8a55eb993,2025-11-27,0,16045,353,516.07,2834.85,37,18.2,5.49,0.02,1.46,0.11
38925076-f2d5-49e4-897c-0f2360402560,e5ce6a0d-94c4-4008-a0db-9c12e44c6556,2025-09-30,0,7492,242,366.84,1890.94,25,19.4,5.15,0.03,1.51,0.1
38bbf02d-e437-46ad-936f-dc9fa1cc54b3,627f03ee-d213-4a09-a407-7db8a55eb993,2026-02-04,0,14838,368,320.61,5026.96,37,6.38,15.68,0.02,0.87,0.1
3964b6a6-11e9-4aba-87db-336c984fbe4c,cf877ca9-11be-4504-aa33-d99b145ce5be,2025-04-15,0,13558,221,338.5,1751.43,15,19.33,5.17,0.02,1.53,0.07
3a474323-2bbc-4bf9-898d-c5d20e3edad3,cf877ca9-11be-4504-aa33-d99b145ce5be,2025-04-11,0,9945,181,190.39,998.96,10,19.06,5.25,0.02,1.05,0.06
3ae537cc-0262-4fe9-8fbb-3e340ce92620,cba76de2-4212-4f37-ad08-dc324701126a,2025-04-22,0,7601,206,290.49,1009.23,14,28.78,3.47,0.03,1.41,0.07
3ae73d8d-138d-43f1-b985-8a33a84e8e6f,a2f52393-652a-4cc1-9b80-8cdef1ebc473,2025-07-16,0,11241,335,331.78,1962.12,26,16.91,5.91,0.03,0.99,0.08
3c18a353-4d9f-45db-89ee-6086e696152e,627f03ee-d213-4a09-a407-7db8a55eb993,2026-02-07,1,13415,491,713.21,3820.93,47,18.67,5.36,0.04,1.45,0.1
3c42cd72-8a39-4332-a8e8-f61460397730,e5ce6a0d-94c4-4008-a0db-9c12e44c6556,2025-09-24,0,12842,375,447.18,2676.99,30,16.7,5.99,0.03,1.19,0.08
3d010110-3d88-42e8-924c-c257b0a89bd7,a2f52393-652a-4cc1-9b80-8cdef1ebc473,2025-08-13,0,17040,334,318.05,1967.75,24,16.16,6.19,0.02,0.95,0.07
3d27d574-e04f-4f40-aa53-e5012212f16f,cf877ca9-11be-4504-aa33-d99b145ce5be,2025-03-02,1,6380,245,316.8,1474.27,16,21.49,4.65,0.04,1.29,0.07
3e1761d6-7dae-4bb3-bc90-6f569b1f6a3c,cba76de2-4212-4f37-ad08-dc324701126a,2025-06-13,0,7253,272,373.64,1634.15,17,22.86,4.37,0.04,1.37,0.07
3e5f3377-ed62-460c-b68e-e45479a3d845,627f03ee-d213-4a09-a407-7db8a55eb993,2026-01-12,0,4668,141,223.17,1902.69,14,11.73,8.53,0.03,1.58,0.11
3fc536a1-3a05-4348-b403-9556fb86a770,e5ce6a0d-94c4-4008-a0db-9c12e44c6556,2025-11-23,1,11276,424,377.95,4065.73,36,9.3,10.76,0.04,0.89,0.09
401f006a-4755-414f-b1fd-f3af719c9bba,e5ce6a0d-94c4-4008-a0db-9c12e44c6556,2025-10-06,0,11446,356,434.48,3812.24,28,11.4,8.77,0.03,1.22,0.08
405ac1bc-2afe-486f-881c-972b5b34de2c,cf877ca9-11be-4504-aa33-d99b145ce5be,2025-02-12,0,10198,154,208.74,807.09,9,25.86,3.87,0.02,1.35,0.06
40edd022-49e1-47ee-b189-c888e2a5d054,e5ce6a0d-94c4-4008-a0db-9c12e44c6556,2025-10-14,0,8599,178,231.54,1735.16,16,13.34,7.49,0.02,1.3,0.09
4138c826-9f85-4c7a-8bf2-b960201d443f,627f03ee-d213-4a09-a407-7db8a55eb993,2026-01-10,1,10714,300,478.01,3331.91,31,14.35,6.97,0.03,1.59,0.11
43c17389-bad9-4823-b8a4-bd5eb1b76e87,e5ce6a0d-94c4-4008-a0db-9c12e44c6556,2025-09-22,0,10904,410,419.0,2298.87,33,18.23,5.49,0.04,1.02,0.08
45b14ea7-2706-4ff4-bdc6-4878bf90f027,627f03ee-d213-4a09-a407-7db8a55eb993,2025-12-03,0,19082,437,520.32,4759.64,39,10.93,9.15,0.02,1.19,0.09
4636d682-6a27-4d86-8746-6ffedcbb970f,cf877ca9-11be-4504-aa33-d99b145ce5be,2025-02-23,1,4528,120,170.45,753.11,7,22.63,4.42,0.03,1.41,0.06
47cabbfe-cab0-4892-ac18-c47fce11421f,a2f52393-652a-4cc1-9b80-8cdef1ebc473,2025-09-01,0,12064,187,208.68,1279.39,13,16.31,6.13,0.02,1.11,0.07
48a49b79-437a-4fe4-a7d9-136d3adfc4a5,cba76de2-4212-4f37-ad08-dc324701126a,2025-05-29,0,4984,166,229.46,1224.14,13,18.74,5.33,0.03,1.38,0.08
4945ae21-7317-482d-befa-803cfa21dcc1,a2f52393-652a-4cc1-9b80-8cdef1ebc473,2025-08-25,0,6547,220,320.31,1634.03,18,19.6,5.1,0.03,1.45,0.09
4aa71ee4-3d91-4857-a56c-b9c8b65c61e6,a2f52393-652a-4cc1-9b80-8cdef1ebc473,2025-09-12,0,8202,251,233.7,2273.65,19,10.28,9.73,0.03,0.93,0.08
4b22f0b6-86f8-4467-95fe-b2efdb4c93cb,e5ce6a0d-94c4-4008-a0db-9c12e44c6556,2025-11-18,0,15015,494,474.81,5270.65,41,9.01,11.1,0.03,0.96,0.08
4b2afaa3-db06-42c2-a561-1e1c3bb071a8,cf877ca9-11be-4504-aa33-d99b145ce5be,2025-03-23,1,6717,264,410.09,971.79,14,42.2,2.37,0.04,1.55,0.06
4bb0c362-63e4-474f-8e10-ced05f79d22c,e5ce6a0d-94c4-4008-a0db-9c12e44c6556,2025-09-29,0,11438,318,391.7,2135.64,35,18.34,5.45,0.03,1.23,0.11
4bf57542-aeb5-4d9e-8274-ac6e9fd95496,cf877ca9-11be-4504-aa33-d99b145ce5be,2025-02-10,0,2227,88,127.44,482.88,5,26.39,3.79,0.04,1.44,0.06
4d58ff17-f819-4536-b381-ac978c9c7937,627f03ee-d213-4a09-a407-7db8a55eb993,2025-12-10,0,6403,251,397.07,2917.93,24,13.61,7.35,0.04,1.58,0.1
4eacb13d-bfba-4ac5-97a4-353f5080a6ee,627f03ee-d213-4a09-a407-7db8a55eb993,2026-01-26,0,13252,326,323.11,4157.67,40,7.77,12.87,0.02,0.99,0.13
4fbf83ee-9de1-4e17-b91f-6c45cd6a2dbb,627f03ee-d213-4a09-a407-7db8a55eb993,2026-01-31,1,8014,226,287.55,1561.08,26,18.42,5.43,0.03,1.27,0.12
4feece15-8d6b-42f1-9a7f-ea9f30e1a7da,e5ce6a0d-94c4-4008-a0db-9c12e44c6556,2025-09-19,0,5970,163,254.65,1178.91,13,21.6,4.63,0.03,1.56,0.08
506ec748-ca1a-47df-9a10-8440dd5d2162,a2f52393-652a-4cc1-9b80-8cdef1ebc473,2025-09-02,0,10673,222,231.46,1986.64,15,11.65,8.58,0.02,1.04,0.07
5196a22b-cd70-4f77-a634-423453138713,e5ce6a0d-94c4-4008-a0db-9c12e44c6556,2025-11-07,0,3283,131,181.85,1221.2,12,14.89,6.72,0.04,1.38,0.09
51b79725-b121-4bb0-a81b-e66a6aa19c13,cba76de2-4212-4f37-ad08-dc324701126a,2025-06-16,0,4677,138,163.78,1235.92,10,13.25,7.55,0.03,1.18,0.08
5311bb91-18b1-4d65-9d35-9364df00da3b,e5ce6a0d-94c4-4008-a0db-9c12e44c6556,2025-11-02,1,13361,318,429.7,3771.07,29,11.39,8.78,0.02,1.35,0.09
5359fe78-e9e8-4a58-9f0f-209662ceabe5,a2f52393-652a-4cc1-9b80-8cdef1ebc473,2025-07-28,0,3966,140,170.12,740.13,11,22.99,4.35,0.04,1.21,0.08
5382744e-0ed0-431b-a076-8bf38b7f53c5,a2f52393-652a-4cc1-9b80-8cdef1ebc473,2025-07-18,0,10039,256,359.47,2020.28,20,17.79,5.62,0.03,1.4,0.08
53d9c0ef-e473-4d72-a6b9-a533e0518cd8,cf877ca9-11be-4504-aa33-d99b145ce5be,2025-02-22,1,23899,380,334.63,2327.45,26,14.38,6.96,0.02,0.88,0.07
54203af3-5325-41ef-8bd0-90a9427a0e45,627f03ee-d213-4a09-a407-7db8a55eb993,2025-12-20,1,11189,254,336.19,1877.71,24,17.9,5.59,0.02,1.32,0.1
55bd3d2f-2cfa-4dc2-93c1-d4c00522fe28,627f03ee-d213-4a09-a407-7db8a55eb993,2025-12-07,1,11898,257,321.96,3070.39,24,10.49,9.54,0.02,1.25,0.1
55f6eb80-647f-4665-b9ef-5a4b10a60294,627f03ee-d213-4a09-a407-7db8a55eb993,2025-12-06,1,9830,290,345.63,1949.11,26,17.73,5.64,0.03,1.19,0.09
56b49a85-07fb-4ab8-85e7-3a67429286e3,cf877ca9-11be-4504-aa33-d99b145ce5be,2025-04-20,1,21304,392,329.87,2214.84,27,14.89,6.71,0.02,0.84,0.07
58433e65-acfb-4ee7-8fe3-1fe145911949,cf877ca9-11be-4504-aa33-d99b145ce5be,2025-02-13,0,5291,100,132.63,446.41,5,29.71,3.37,0.02,1.32,0.06
594a9a5c-473f-48e5-855c-f1c28cd9600f,cba76de2-4212-4f37-ad08-dc324701126a,2025-04-23,0,9935,309,278.43,2563.79,22,10.86,9.21,0.03,0.9,0.07
5ad4b8a7-3a46-44c6-b5f3-46e21e0bf2e3,e5ce6a0d-94c4-4008-a0db-9c12e44c6556,2025-10-20,0,5977,214,316.02,2202.45,21,14.35,6.97,0.04,1.47,0.1
5aead158-0ff8-47cb-83d9-0e5d4fa01f51,a2f52393-652a-4cc1-9b80-8cdef1ebc473,2025-08-22,0,6814,261,216.82,2894.33,22,7.49,13.35,0.04,0.83,0.09
5b301375-b52a-47ee-b878-548590e66835,e5ce6a0d-94c4-4008-a0db-9c12e44c6556,2025-11-11,0,15493,361,474.13,3704.38,31,12.8,7.81,0.02,1.31,0.09
5b8afb9a-8fb7-480f-8d9b-eb69a8a7ca81,cf877ca9-11be-4504-aa33-d99b145ce5be,2025-02-16,1,7842,189,220.22,1194.37,11,18.44,5.42,0.02,1.16,0.06
5c2d10d1-e3fc-4627-9d31-adb42873163e,627f03ee-d213-4a09-a407-7db8a55eb993,2026-01-07,0,15500,310,471.85,3504.5,33,13.46,7.43,0.02,1.52,0.11
5cfd1456-95d9-41c5-9788-7dc923cd0bed,cba76de2-4212-4f37-ad08-dc324701126a,2025-05-18,1,16540,349,464.89,2494.7,21,18.64,5.37,0.02,1.33,0.06
5d1e9788-11eb-457d-81cc-16717428ac7a,e5ce6a0d-94c4-4008-a0db-9c12e44c6556,2025-11-15,1,7651,303,424.74,2196.56,28,19.34,5.17,0.04,1.4,0.09
5d9e5337-3bfe-4707-a27b-ee22934544c0,627f03ee-d213-4a09-a407-7db8a55eb993,2025-12-22,0,5920,222,298.62,2290.87,22,13.04,7.67,0.04,1.34,0.1
5da832d1-7e8a-49ac-a2ed-773dba57e6e1,e5ce6a0d-94c4-4008-a0db-9c12e44c6556,2025-11-13,0,20957,394,473.57,3115.25,38,15.2,6.58,0.02,1.2,0.1
5e65f4ca-fc4d-43fe-ba8b-238fd82e5cb0,a2f52393-652a-4cc1-9b80-8cdef1ebc473,2025-08-24,1,11607,361,494.98,2426.22,26,20.4,4.9,0.03,1.37,0.07
5e944d8d-cf7e-4bfb-aa74-889b5d16456a,e5ce6a0d-94c4-4008-a0db-9c12e44c6556,2025-10-30,0,6083,160,215.12,2054.41,18,10.47,9.55,0.03,1.34,0.11
5ebe3dfb-3b44-4f24-b002-2267dc304bcc,a2f52393-652a-4cc1-9b80-8cdef1ebc473,2025-09-03,0,17117,291,358.64,1671.41,21,21.46,4.66,0.02,1.23,0.07
5ffa54db-254a-422a-87f9-4cffe10a927d,cf877ca9-11be-4504-aa33-d99b145ce5be,2025-03-10,0,8260,190,177.26,671.7,9,26.39,3.79,0.02,0.93,0.05
604fc554-6e0b-4d16-a0d4-089f7fe8467d,627f03ee-d213-4a09-a407-7db8a55eb993,2026-01-11,1,19320,398,613.56,5113.37,40,12.0,8.33,0.02,1.54,0.1
626ddd8f-2edd-47ad-a794-5f370956e358,e5ce6a0d-94c4-4008-a0db-9c12e44c6556,2025-11-22,1,29842,567,522.24,3381.7,48,15.44,6.48,0.02,0.92,0.09
66f45925-cea9-4312-9170-a87313592a37,e5ce6a0d-94c4-4008-a0db-9c12e44c6556,2025-10-12,1,6372,195,307.17,2100.91,17,14.62,6.84,0.03,1.57,0.09
674eba48-ad02-4184-a659-ae5777985302,a2f52393-652a-4cc1-9b80-8cdef1ebc473,2025-08-15,0,8312,266,316.63,2386.34,22,13.27,7.54,0.03,1.19,0.09
688019a6-93ed-4625-9d89-6842f197e094,a2f52393-652a-4cc1-9b80-8cdef1ebc473,2025-09-06,1,9273,281,379.52,3029.75,23,12.53,7.98,0.03,1.35,0.08
68ea4c27-1d92-4d3b-9639-cc0ed29a6cf7,e5ce6a0d-94c4-4008-a0db-9c12e44c6556,2025-10-13,0,6725,230,301.44,2340.38,20,12.88,7.76,0.03,1.31,0.09
69f3d11a-1181-4b87-948f-964ba31020c7,e5ce6a0d-94c4-4008-a0db-9c12e44c6556,2025-11-25,0,5569,215,177.07,1627.83,18,10.88,9.19,0.04,0.82,0.09
6ad339f3-f703-4bcf-b7f3-beafb81b8fe4,cba76de2-4212-4f37-ad08-dc324701126a,2025-05-23,0,6869,237,208.89,2259.76,18,9.24,10.82,0.03,0.88,0.08
6ca780ac-ceb1-4bcd-9430-738a549a4f61,cba76de2-4212-4f37-ad08-dc324701126a,2025-04-27,1,6000,117,165.96,604.04,10,27.48,3.64,0.02,1.41,0.09
6cc42857-ede3-40a5-8adb-73058c06e8a5,cf877ca9-11be-4504-aa33-d99b145ce5be,2025-02-17,0,6666,120,130.91,760.99,7,17.2,5.81,0.02,1.09,0.06
6dae49b3-2ef7-4af4-9966-aedaaacb1207,cba76de2-4212-4f37-ad08-dc324701126a,2025-06-12,0,11538,315,356.31,1547.67,20,23.02,4.34,0.03,1.13,0.07
6efe9a79-4e56-4112-b6b1-6c66c8529ebc,cf877ca9-11be-4504-aa33-d99b145ce5be,2025-03-13,0,6231,167,266.92,760.55,11,35.1,2.85,0.03,1.59,0.07
71018f9f-2921-4a3f-850a-17ce3c5a120e,cf877ca9-11be-4504-aa33-d99b145ce5be,2025-03-25,0,10804,188,192.13,903.04,12,21.28,4.7,0.02,1.02,0.07
71495fdd-65d5-4dcc-88be-c80434a3b49f,e5ce6a0d-94c4-4008-a0db-9c12e44c6556,2025-11-16,1,20599,447,555.19,3320.07,42,16.72,5.98,0.02,1.24,0.09
718c955c-7b08-4141-bde7-20b50a6c1f6e,a2f52393-652a-4cc1-9b80-8cdef1ebc473,2025-07-12,1,5286,157,187.96,891.74,14,21.08,4.74,0.03,1.19,0.09
71eede0c-846e-45ee-b3d3-76d04fc1a613,a2f52393-652a-4cc1-9b80-8cdef1ebc473,2025-07-13,1,9463,335,285.36,1757.91,24,16.23,6.16,0.04,0.85,0.07
75c2529f-52a6-4ca2-b887-a571ade53530,a2f52393-652a-4cc1-9b80-8cdef1ebc473,2025-07-27,1,4957,175,231.76,1235.63,16,18.76,5.33,0.04,1.32,0.1
75fc78e4-dc9b-4761-9bc0-b864cab50e35,627f03ee-d213-4a09-a407-7db8a55eb993,2025-12-23,0,8205,256,356.01,3029.21,24,11.75,8.51,0.03,1.39,0.1
76072b84-b008-46ca-a076-2d8b5d3eb658,e5ce6a0d-94c4-4008-a0db-9c12e44c6556,2025-11-19,0,16568,280,393.01,1631.2,23,24.09,4.15,0.02,1.4,0.08
7657fe6a-c106-4b56-a1a8-76d57d10c94b,cba76de2-4212-4f37-ad08-dc324701126a,2025-04-28,0,5090,196,221.5,1957.54,14,11.32,8.84,0.04,1.13,0.08
77c7ec6b-699d-4cb7-877a-451b916e38f0,a2f52393-652a-4cc1-9b80-8cdef1ebc473,2025-07-06,1,13370,238,197.61,1553.93,19,12.72,7.86,0.02,0.83,0.08
786426ba-a6bf-4865-bf22-c3ecd4bd3545,cf877ca9-11be-4504-aa33-d99b145ce5be,2025-02-08,1,15681,276,324.0,1341.26,16,24.16,4.14,0.02,1.17,0.06
78928fab-5d13-4cd1-9add-bf4600309385,cba76de2-4212-4f37-ad08-dc324701126a,2025-06-14,1,14025,324,402.97,3062.12,22,13.16,7.6,0.02,1.24,0.07
7974c011-83db-4f44-8bf5-b53f53db537c,627f03ee-d213-4a09-a407-7db8a55eb993,2025-12-25,0,6596,219,186.58,1858.37,23,10.04,9.96,0.03,0.85,0.11
7989cfc4-e4e2-4020-a815-586c41edb75b,e5ce6a0d-94c4-4008-a0db-9c12e44c6556,2025-10-08,0,16889,353,314.69,3663.35,30,8.59,11.64,0.02,0.89,0.09
7a38d07c-2cef-4694-8738-a126e7861a92,a2f52393-652a-4cc1-9b80-8cdef1ebc473,2025-09-04,0,6534,247,245.4,1617.98,20,15.17,6.59,0.04,0.99,0.09
7ad2e336-0792-4f3a-b698-a13cdc6de256,a2f52393-652a-4cc1-9b80-8cdef1ebc473,2025-07-24,0,13076,408,334.7,4437.79,34,7.54,13.26,0.03,0.82,0.09
7b0095c0-7321-43f1-ac6c-d00c0bf7e053,cf877ca9-11be-4504-aa33-d99b145ce5be,2025-04-05,1,8075,172,250.29,1188.27,11,21.06,4.75,0.02,1.45,0.06
7dc44f34-db88-49b9-9d39-9c648e0f1143,627f03ee-d213-4a09-a407-7db8a55eb993,2026-01-28,0,10262,391,501.39,4097.71,40,12.24,8.17,0.04,1.28,0.1
7f82fabd-f044-4d34-a9de-859b269748f7,cf877ca9-11be-4504-aa33-d99b145ce5be,2025-02-25,0,5777,208,256.99,1445.06,13,17.78,5.62,0.04,1.23,0.06
7febb83c-e5a3-4b84-997b-412b7dadce01,cf877ca9-11be-4504-aa33-d99b145ce5be,2025-02-19,0,3781,121,169.16,598.23,6,28.28,3.54,0.03,1.39,0.05
805cfef9-72ac-4805-a0b7-c13ed607125a,cba76de2-4212-4f37-ad08-dc324701126a,2025-06-01,1,8959,267,251.38,2202.19,17,11.42,8.76,0.03,0.94,0.06
81cab5b2-23de-497e-8608-19ededd21fad,627f03ee-d213-4a09-a407-7db8a55eb993,2025-11-29,1,16778,500,500.53,5624.98,60,8.9,11.24,0.03,1.0,0.12
8239e10e-7497-4f86-93e7-d606c98268c1,cf877ca9-11be-4504-aa33-d99b145ce5be,2025-03-11,0,10189,161,241.64,1156.0,10,20.9,4.78,0.02,1.5,0.06
82fd0d57-f768-4e7d-b4d8-9df01d8b2be7,e5ce6a0d-94c4-4008-a0db-9c12e44c6556,2025-10-19,1,8048,297,330.48,1893.68,29,17.45,5.73,0.04,1.11,0.1
834c3097-20c6-4bad-a680-9b5bb9c150c2,cba76de2-4212-4f37-ad08-dc324701126a,2025-06-05,0,6521,120,186.28,993.09,9,18.76,5.33,0.02,1.55,0.08
84176075-e25b-4771-873e-4a58761b41cb,cba76de2-4212-4f37-ad08-dc324701126a,2025-06-09,0,5932,229,336.9,1881.28,16,17.91,5.58,0.04,1.47,0.07
8470f1e0-42e6-4960-a426-d1a7befe62ee,cba76de2-4212-4f37-ad08-dc324701126a,2025-06-18,0,12242,273,292.24,1683.61,19,17.36,5.76,0.02,1.07,0.07
85d297d9-db24-4602-93a7-9f737c9a1cce,a2f52393-652a-4cc1-9b80-8cdef1ebc473,2025-08-20,0,11280,423,385.74,3854.72,30,10.01,9.99,0.04,0.91,0.07
8647019d-067f-484a-9a08-871a318b321c,627f03ee-d213-4a09-a407-7db8a55eb993,2025-12-29,0,10308,368,386.74,3380.4,41,11.44,8.74,0.04,1.05,0.11
865b3511-ccff-4647-8296-a6a6a9e17bd1,a2f52393-652a-4cc1-9b80-8cdef1ebc473,2025-08-26,0,8762,262,374.96,1540.68,23,24.34,4.11,0.03,1.43,0.09
867ad1fd-b56d-426a-b51d-f3b7a4749214,a2f52393-652a-4cc1-9b80-8cdef1ebc473,2025-08-16,1,8893,225,286.45,2022.93,20,14.16,7.06,0.03,1.27,0.09
8746660b-c4a5-4ee5-beb3-dc1da7dce536,cba76de2-4212-4f37-ad08-dc324701126a,2025-06-04,0,10764,169,196.41,1137.7,13,17.26,5.79,0.02,1.16,0.08
877e6046-fe10-4bd0-a81d-a1016f238821,e5ce6a0d-94c4-4008-a0db-9c12e44c6556,2025-10-03,0,14169,486,457.43,5573.84,43,8.21,12.19,0.03,0.94,0.09
87b8c682-7d10-4570-9064-2eedcce058f8,cba76de2-4212-4f37-ad08-dc324701126a,2025-07-01,0,15743,307,307.28,2438.84,21,12.6,7.94,0.02,1.0,0.07
87cd803b-54c3-47f4-9dd6-234934d7297c,cf877ca9-11be-4504-aa33-d99b145ce5be,2025-04-06,1,17204,437,363.0,2027.62,23,17.9,5.59,0.03,0.83,0.05
88ceb190-ff90-4154-838b-8759a0663e32,627f03ee-d213-4a09-a407-7db8a55eb993,2025-12-24,0,6858,227,345.61,2528.6,22,13.67,7.32,0.03,1.52,0.1
88ff65ea-2e72-4583-8288-fe45471d17ba,a2f52393-652a-4cc1-9b80-8cdef1ebc473,2025-07-17,0,16269,314,345.87,2858.55,23,12.1,8.26,0.02,1.1,0.08
897acb92-0a15-45cd-9adb-cba205564621,a2f52393-652a-4cc1-9b80-8cdef1ebc473,2025-08-03,1,7796,237,277.58,1422.18,20,19.52,5.12,0.03,1.17,0.09
8a873533-35cd-4c9a-bf0c-3bed1662eae1,cba76de2-4212-4f37-ad08-dc324701126a,2025-05-17,1,14026,317,380.74,2558.57,21,14.88,6.72,0.02,1.2,0.07
8a987d2c-5501-4cf5-b9a5-5514394ce0d3,cf877ca9-11be-4504-aa33-d99b145ce5be,2025-04-17,0,8401,247,245.05,1089.01,13,22.5,4.44,0.03,0.99,0.05
8ae59521-b5cc-4bcd-a079-056abd2b3e7b,cba76de2-4212-4f37-ad08-dc324701126a,2025-06-10,0,4527,158,201.86,1376.76,11,14.66,6.82,0.03,1.27,0.07
8b0fafa1-1b57-482f-bc20-a680bbd01689,e5ce6a0d-94c4-4008-a0db-9c12e44c6556,2025-11-26,0,13864,287,429.04,3095.96,28,13.86,7.22,0.02,1.49,0.1
8b794798-c7c3-4f2d-a5c5-a07216fd23a4,cba76de2-4212-4f37-ad08-dc324701126a,2025-06-26,0,11310,302,281.48,2077.59,22,13.55,7.38,0.03,0.93,0.08
8c197a1c-f510-4a0b-a1c1-3533b0d633cf,cba76de2-4212-4f37-ad08-dc324701126a,2025-04-29,0,5217,132,199.43,1625.17,12,12.27,8.15,0.03,1.51,0.09
8dd08739-f34d-47e4-b963-a4deb2de3ed0,cf877ca9-11be-4504-aa33-d99b145ce5be,2025-04-19,1,8981,291,411.09,2353.93,18,17.46,5.73,0.03,1.41,0.07
8e3ad34d-522a-41fc-893c-b35a2b6a10f1,cba76de2-4212-4f37-ad08-dc324701126a,2025-06-02,0,12125,251,299.75,2271.63,17,13.2,7.58,0.02,1.19,0.07
8e7a1d09-954e-43c9-af58-550c2bab2e78,e5ce6a0d-94c4-4008-a0db-9c12e44c6556,2025-10-16,0,26387,409,384.47,4643.96,40,8.28,12.08,0.02,0.94,0.1
8f91a0ee-6bee-4aa9-b57d-1c19b144cdf7,e5ce6a0d-94c4-4008-a0db-9c12e44c6556,2025-11-21,0,10179,340,361.37,3629.59,30,9.96,10.04,0.03,1.06,0.09
905684ba-6b6d-4660-81e7-81a9adae92d0,cba76de2-4212-4f37-ad08-dc324701126a,2025-05-09,0,2810,104,152.05,527.52,7,28.82,3.47,0.04,1.45,0.07
9061f040-da8a-4fc7-ac0d-0f1258aabf01,627f03ee-d213-4a09-a407-7db8a55eb993,2026-01-14,0,9266,316,358.04,2542.94,33,14.08,7.1,0.03,1.13,0.11
909407e7-da9a-49f2-b2c4-e45db1e9a831,cf877ca9-11be-4504-aa33-d99b145ce5be,2025-02-11,0,2695,100,116.31,305.62,5,38.06,2.63,0.04,1.16,0.05
9180a352-48ba-4aec-a1f2-80f49b32c622,627f03ee-d213-4a09-a407-7db8a55eb993,2026-01-01,0,8545,235,339.16,2480.54,21,13.67,7.31,0.03,1.44,0.09
92b8ad23-2e9c-40fa-9504-74995852cbab,627f03ee-d213-4a09-a407-7db8a55eb993,2026-01-09,0,12055,217,291.69,1449.54,21,20.12,4.97,0.02,1.34,0.1
93948b04-6743-4c07-afdd-987e49a41b9b,627f03ee-d213-4a09-a407-7db8a55eb993,2025-12-04,0,13529,253,406.22,2493.79,24,16.29,6.14,0.02,1.6,0.1
94119756-00f5-4ac6-b32e-9deb5698e514,a2f52393-652a-4cc1-9b80-8cdef1ebc473,2025-08-17,1,23750,418,498.26,3131.98,32,15.91,6.29,0.02,1.19,0.08
94851bac-6a44-4ad6-8584-f68e7d620199,a2f52393-652a-4cc1-9b80-8cdef1ebc473,2025-07-09,0,3504,116,182.24,903.31,9,20.17,4.96,0.03,1.56,0.08
94c468e7-e61e-478b-b1ac-8c3c2a6224c8,cba76de2-4212-4f37-ad08-dc324701126a,2025-05-16,0,3506,108,158.77,625.65,8,25.38,3.94,0.03,1.46,0.08
94efa2c2-62c4-4333-b2c0-09a512757d90,a2f52393-652a-4cc1-9b80-8cdef1ebc473,2025-07-14,0,22713,452,384.27,2931.16,37,13.11,7.63,0.02,0.85,0.08
96f1510b-86bd-4a59-922b-0718a76b7f99,cf877ca9-11be-4504-aa33-d99b145ce5be,2025-04-08,0,7790,208,281.17,1115.34,11,25.21,3.97,0.03,1.35,0.05
97d12e15-8623-4a37-8c04-aadcaf5c788f,627f03ee-d213-4a09-a407-7db8a55eb993,2025-12-31,0,6523,197,183.33,1473.33,21,12.44,8.04,0.03,0.93,0.11
99526d1f-bd6c-4aae-b531-d0863e51ae49,627f03ee-d213-4a09-a407-7db8a55eb993,2025-12-13,1,19276,453,471.63,5949.77,43,7.93,12.62,0.02,1.04,0.1
9a7e9a5e-08a2-458f-b27b-d932221e6944,cf877ca9-11be-4504-aa33-d99b145ce5be,2025-02-28,0,12035,201,164.94,1652.57,13,9.98,10.02,0.02,0.82,0.07
9b06c390-29ba-4a43-9b5c-9283348a13b3,e5ce6a0d-94c4-4008-a0db-9c12e44c6556,2025-09-18,0,7054,261,339.34,2660.45,25,12.75,7.84,0.04,1.3,0.1
9b7c65b4-53b0-4f70-b4c5-bd74fe746401,e5ce6a0d-94c4-4008-a0db-9c12e44c6556,2025-10-29,0,13516,319,462.87,2736.57,36,16.91,5.91,0.02,1.45,0.11
9cc04350-912c-41e8-b49d-91ddef780942,cba76de2-4212-4f37-ad08-dc324701126a,2025-05-25,1,11271,328,436.77,3221.34,24,13.56,7.38,0.03,1.33,0.08
9d21f5bb-9b7f-4403-b971-906137405a42,e5ce6a0d-94c4-4008-a0db-9c12e44c6556,2025-09-21,1,5474,202,294.15,2339.91,18,12.57,7.95,0.04,1.45,0.09
9d5d8b92-5324-4a70-95e1-95821aab7208,a2f52393-652a-4cc1-9b80-8cdef1ebc473,2025-07-22,0,8118,233,309.98,2623.78,19,11.81,8.46,0.03,1.33,0.08
9e69e514-35ce-4c93-ac9b-5cf66bf9e213,e5ce6a0d-94c4-4008-a0db-9c12e44c6556,2025-10-25,1,25297,425,553.25,3555.72,39,15.56,6.43,0.02,1.3,0.09
9ee018b0-2fc4-4e8b-9976-2a79f3663473,e5ce6a0d-94c4-4008-a0db-9c12e44c6556,2025-10-28,0,20476,387,480.11,3198.67,44,15.01,6.66,0.02,1.24,0.12
9f16f4bc-8c19-498d-bf11-eb2edc3cba06,a2f52393-652a-4cc1-9b80-8cdef1ebc473,2025-07-07,0,9142,256,233.59,2350.8,20,9.94,10.06,0.03,0.91,0.08
9f20d316-fde1-4b03-9e6e-fb57fe4dc2c1,627f03ee-d213-4a09-a407-7db8a55eb993,2026-01-23,0,11238,381,530.05,3074.42,37,17.24,5.8,0.03,1.39,0.1
a013df95-74d1-4930-90c2-54620233177f,e5ce6a0d-94c4-4008-a0db-9c12e44c6556,2025-11-04,0,9728,251,244.0,2385.26,25,10.23,9.78,0.03,0.97,0.1
a089bc62-d773-4f42-8287-44f74a648905,627f03ee-d213-4a09-a407-7db8a55eb993,2025-12-16,0,9223,285,356.36,3681.39,29,9.68,10.33,0.03,1.25,0.11
a0fe5990-c9ba-49a4-aa62-15c75034f2ff,627f03ee-d213-4a09-a407-7db8a55eb993,2026-01-25,1,17816,310,279.13,2409.76,28,11.58,8.63,0.02,0.9,0.09
a149eb76-36e8-4ddd-8e7c-c72d7f7a0467,e5ce6a0d-94c4-4008-a0db-9c12e44c6556,2025-10-04,1,9854,339,407.49,3391.72,32,12.01,8.32,0.03,1.2,0.1
a17ac957-0808-48c1-a78c-48af980232fb,a2f52393-652a-4cc1-9b80-8cdef1ebc473,2025-08-12,0,8592,287,411.2,2577.34,21,15.95,6.27,0.03,1.43,0.08
a1a6506a-5e74-4875-9f83-c6b0814fb794,e5ce6a0d-94c4-4008-a0db-9c12e44c6556,2025-11-17,0,10214,238,345.59,1635.38,23,21.13,4.73,0.02,1.45,0.1
a2bd7d1f-9e28-4cd0-9f39-c2c6fcd3b08d,a2f52393-652a-4cc1-9b80-8cdef1ebc473,2025-08-14,0,24155,372,346.52,2499.66,33,13.86,7.21,0.02,0.93,0.09
a308bbc3-8c9d-4427-8f3c-4186a6b668c1,cba76de2-4212-4f37-ad08-dc324701126a,2025-06-21,1,9870,382,359.18,1591.42,24,22.57,4.43,0.04,0.94,0.06
a3e620f0-d8b1-48c8-8a8c-7415f411059d,cba76de2-4212-4f37-ad08-dc324701126a,2025-05-30,0,11111,260,296.61,2851.23,21,10.4,9.61,0.02,1.14,0.08
a4485651-1a36-4677-a38c-baa7926119eb,627f03ee-d213-4a09-a407-7db8a55eb993,2026-01-29,0,13147,259,319.36,2276.88,32,14.03,7.13,0.02,1.23,0.13
a4af1be5-3ab1-45c4-a4b6-0351de2617af,e5ce6a0d-94c4-4008-a0db-9c12e44c6556,2025-10-02,0,16470,392,349.03,4356.71,35,8.01,12.48,0.02,0.89,0.09
a53d2b9f-7bd6-47bb-9994-ee27786c5c2b,cba76de2-4212-4f37-ad08-dc324701126a,2025-06-06,0,8346,323,303.75,1524.13,23,19.93,5.02,0.04,0.94,0.07
a685f72e-51b0-4c6c-8c0a-835fbd70fca2,cba76de2-4212-4f37-ad08-dc324701126a,2025-05-28,0,12444,336,363.75,3175.11,23,11.46,8.73,0.03,1.08,0.07
a69ba22b-e5dc-4daa-a010-052fe7a13acb,cba76de2-4212-4f37-ad08-dc324701126a,2025-05-15,0,5219,178,254.82,773.89,11,32.93,3.04,0.03,1.43,0.07
a7049824-129c-4928-8127-5fd6744873ee,a2f52393-652a-4cc1-9b80-8cdef1ebc473,2025-09-09,0,16650,338,311.54,3471.14,26,8.98,11.14,0.02,0.92,0.08
a7ca80fd-2e67-4d10-90c6-b74c79cebe19,cba76de2-4212-4f37-ad08-dc324701126a,2025-06-28,1,10062,320,394.04,2407.91,25,16.36,6.11,0.03,1.23,0.08
a93cb1bf-2a64-43eb-87ec-2403013824c7,cba76de2-4212-4f37-ad08-dc324701126a,2025-06-20,0,11867,394,382.77,2863.21,28,13.37,7.48,0.03,0.97,0.07
a9e29589-0e72-459a-890a-702decbf36f0,627f03ee-d213-4a09-a407-7db8a55eb993,2026-01-04,1,11189,367,577.39,2997.89,37,19.26,5.19,0.03,1.57,0.1
ab6b97b0-1a6c-455f-b787-ed859647a7f9,cf877ca9-11be-4504-aa33-d99b145ce5be,2025-03-31,0,10406,256,297.67,1845.4,17,16.13,6.2,0.02,1.16,0.07
ab81b439-e187-4d4a-9af6-d09254021ffb,627f03ee-d213-4a09-a407-7db8a55eb993,2026-02-02,0,7697,244,388.94,2609.1,25,14.91,6.71,0.03,1.59,0.1
ab880206-12e8-487a-afc1-669a670ba386,e5ce6a0d-94c4-4008-a0db-9c12e44c6556,2025-10-15,0,10801,256,259.17,1384.33,21,18.72,5.34,0.02,1.01,0.08
acce7806-5ebe-48ce-a63f-ed5697e3ae76,a2f52393-652a-4cc1-9b80-8cdef1ebc473,2025-08-28,0,12440,209,299.73,1755.47,17,17.07,5.86,0.02,1.43,0.08
ae271fa8-8c3f-4f3b-a02f-85429195a8b7,627f03ee-d213-4a09-a407-7db8a55eb993,2026-01-19,0,10751,329,399.15,2639.58,31,15.12,6.61,0.03,1.21,0.1
ae317ed0-4c22-4825-b481-0c6aa9fedae2,e5ce6a0d-94c4-4008-a0db-9c12e44c6556,2025-09-28,1,8443,293,443.87,3041.06,32,14.6,6.85,0.03,1.51,0.11
af304d71-7a04-4851-9407-d2057abc4ec2,e5ce6a0d-94c4-4008-a0db-9c12e44c6556,2025-11-10,0,5507,141,194.42,1389.02,11,14.0,7.14,0.03,1.37,0.08
af6560e0-e5c2-42b2-9b07-04158ae6c400,cf877ca9-11be-4504-aa33-d99b145ce5be,2025-02-09,1,6505,121,171.21,776.41,6,22.05,4.53,0.02,1.41,0.06
afbd7dc4-596f-4a4d-9608-0055fec6118d,a2f52393-652a-4cc1-9b80-8cdef1ebc473,2025-08-30,1,26755,503,548.54,5394.29,45,10.17,9.83,0.02,1.09,0.09
afda629e-94b5-4a34-8274-3b218c185ccb,e5ce6a0d-94c4-4008-a0db-9c12e44c6556,2025-10-24,0,13910,498,443.23,3143.43,45,14.1,7.09,0.04,0.89,0.09
b080136b-368d-43ad-a9f7-eb57a7d53773,e5ce6a0d-94c4-4008-a0db-9c12e44c6556,2025-10-11,1,5053,141,220.71,826.67,12,26.7,3.75,0.03,1.56,0.09
b225b3cb-9882-46bf-b88b-41ccb04faa76,627f03ee-d213-4a09-a407-7db8a55eb993,2026-02-05,0,14709,228,349.57,2329.38,23,15.01,6.66,0.02,1.53,0.1
b27f5117-8f24-4d0b-b923-fabc4318294b,cba76de2-4212-4f37-ad08-dc324701126a,2025-06-15,1,3271,123,173.81,1080.2,9,16.09,6.21,0.04,1.41,0.08
b281c490-5b49-4066-b8a1-865954fb0933,cba76de2-4212-4f37-ad08-dc324701126a,2025-07-02,0,10724,385,339.37,2622.37,28,12.94,7.73,0.04,0.88,0.07
b3c45168-ae3a-41a1-94c8-6a1be788d8f7,a2f52393-652a-4cc1-9b80-8cdef1ebc473,2025-08-29,0,5861,228,359.04,2648.87,21,13.55,7.38,0.04,1.57,0.09
b43584a5-9947-4fdb-bdf9-edc144a864aa,e5ce6a0d-94c4-4008-a0db-9c12e44c6556,2025-10-22,0,8981,238,359.44,2299.9,19,15.63,6.4,0.03,1.51,0.08
b8353adf-a7a4-406f-a1cc-3fa653dc35a2,cba76de2-4212-4f37-ad08-dc324701126a,2025-05-04,1,15780,374,393.41,3220.52,27,12.22,8.19,0.02,1.05,0.07
bc7f9480-68e8-4634-8d28-fb1055c7ace0,cf877ca9-11be-4504-aa33-d99b145ce5be,2025-03-03,0,2281,73,106.36,269.45,3,39.47,2.53,0.03,1.44,0.05
bd2798a3-048f-42d0-8094-1ee35a88b88a,a2f52393-652a-4cc1-9b80-8cdef1ebc473,2025-08-11,0,7974,189,248.69,1871.43,14,13.29,7.53,0.02,1.31,0.08
be5333f0-cf4b-43e5-bae7-11f3d1490d5b,627f03ee-d213-4a09-a407-7db8a55eb993,2026-01-21,0,13419,467,439.78,5794.1,50,7.59,13.17,0.03,0.94,0.11
bebecc97-7d2f-484a-9328-2c5c98bf6a26,a2f52393-652a-4cc1-9b80-8cdef1ebc473,2025-07-05,1,10489,193,298.26,1410.32,15,21.15,4.73,0.02,1.54,0.08
c0b8a84f-2125-404c-b081-ac2a93099960,cba76de2-4212-4f37-ad08-dc324701126a,2025-04-24,0,7166,172,200.54,1622.89,13,12.36,8.09,0.02,1.16,0.08
c1f1ebbf-4922-4fed-8be8-6a1167746ff1,627f03ee-d213-4a09-a407-7db8a55eb993,2026-02-01,1,16948,661,655.06,8255.41,62,7.93,12.6,0.04,0.99,0.09
c251d8d6-0422-4e91-ac24-1bd95932b51d,cba76de2-4212-4f37-ad08-dc324701126a,2025-05-02,0,4792,150,187.63,1247.03,11,15.05,6.65,0.03,1.25,0.08
c31d1d97-8fdf-467f-845c-8e90b88f342b,cf877ca9-11be-4504-aa33-d99b145ce5be,2025-02-26,0,4687,90,130.64,650.26,5,20.09,4.98,0.02,1.45,0.06
c3f66251-4f46-47a5-bea7-6ba9c394c932,a2f52393-652a-4cc1-9b80-8cdef1ebc473,2025-07-29,0,4410,131,186.04,1595.16,12,11.66,8.57,0.03,1.42,0.1
c47f32b9-cbd2-4d44-b5d6-e68ab4011c0e,cf877ca9-11be-4504-aa33-d99b145ce5be,2025-04-16,0,8350,248,263.17,1394.46,15,18.87,5.3,0.03,1.06,0.06
c50f5a94-931b-4317-b27e-978276373213,627f03ee-d213-4a09-a407-7db8a55eb993,2025-12-02,0,9877,161,180.75,1478.19,16,12.23,8.18,0.02,1.12,0.1
c5c3239b-5d09-4f73-b330-a602fd9975b2,e5ce6a0d-94c4-4008-a0db-9c12e44c6556,2025-11-20,0,9409,239,366.95,1422.88,21,25.79,3.88,0.03,1.53,0.09
c5f03be5-4ab6-44ff-9324-705d4d7ac927,627f03ee-d213-4a09-a407-7db8a55eb993,2026-01-16,0,14041,337,445.02,2058.9,30,21.61,4.63,0.02,1.32,0.09
c87d7099-527d-4f24-a5f8-f67460593505,627f03ee-d213-4a09-a407-7db8a55eb993,2025-12-14,1,11322,274,406.34,3368.7,27,12.06,8.29,0.02,1.48,0.1
c8da87c4-bfef-4def-8d97-67a101fefd3a,cba76de2-4212-4f37-ad08-dc324701126a,2025-05-14,0,6666,210,206.34,1735.86,16,11.89,8.41,0.03,0.98,0.08
ca6a6b08-1d0f-48bb-aa1a-7113f403c8f6,cba76de2-4212-4f37-ad08-dc324701126a,2025-04-25,0,9348,244,212.76,2096.05,16,10.15,9.85,0.03,0.87,0.07
cad33e82-40f3-424d-81c9-0d39fa171853,cf877ca9-11be-4504-aa33-d99b145ce5be,2025-02-15,1,10038,259,280.29,1750.33,13,16.01,6.24,0.03,1.08,0.05
cbb4518a-8645-40dc-b1a6-d4e5360139a7,cf877ca9-11be-4504-aa33-d99b145ce5be,2025-03-26,0,8798,227,327.2,1772.14,14,18.46,5.42,0.03,1.44,0.07
cc845f2c-78ec-42f1-9cb6-2d500c3c8fa3,cba76de2-4212-4f37-ad08-dc324701126a,2025-05-11,1,18691,443,372.88,1931.65,31,19.3,5.18,0.02,0.84,0.07
ccc64338-0914-497c-845a-65f3adf87434,627f03ee-d213-4a09-a407-7db8a55eb993,2025-12-19,0,11070,331,487.71,2241.09,30,21.76,4.6,0.03,1.47,0.09
cd6682a4-e9b5-42b7-83c3-17afe6860398,cf877ca9-11be-4504-aa33-d99b145ce5be,2025-03-15,1,5357,105,163.32,420.18,7,38.87,2.57,0.02,1.55,0.07
cd758f24-25ed-4f0b-925e-9ab8aa9669f9,cba76de2-4212-4f37-ad08-dc324701126a,2025-06-30,0,6686,230,322.98,2084.2,20,15.5,6.45,0.03,1.4,0.09
cebe6dd6-8fb2-49aa-83e3-af015fa7c488,e5ce6a0d-94c4-4008-a0db-9c12e44c6556,2025-10-27,0,4862,177,241.49,1483.6,16,16.28,6.14,0.04,1.36,0.1
ceecca47-2599-4675-8f33-2b4d07d7efeb,e5ce6a0d-94c4-4008-a0db-9c12e44c6556,2025-11-24,0,8571,234,270.12,2195.21,20,12.31,8.13,0.03,1.15,0.09
d0893572-bbf1-459e-ba86-dd6cdfd3494d,627f03ee-d213-4a09-a407-7db8a55eb993,2025-12-09,0,9768,169,255.61,1078.99,17,23.69,4.22,0.02,1.51,0.1
d1c0d713-9746-4e7a-ac5c-3f5cfd3d7c5c,e5ce6a0d-94c4-4008-a0db-9c12e44c6556,2025-11-01,1,15106,355,380.31,2064.86,33,18.42,5.43,0.02,1.07,0.09
d1d8d0d0-e9f3-4c89-9982-b2575b82c6b9,cf877ca9-11be-4504-aa33-d99b145ce5be,2025-03-17,0,4022,144,208.76,690.84,8,30.22,3.31,0.04,1.44,0.06
d1f27593-2e4c-4578-8307-c7eef6552ff8,a2f52393-652a-4cc1-9b80-8cdef1ebc473,2025-07-30,0,9804,301,344.18,3268.64,24,10.53,9.5,0.03,1.14,0.08
d3effb24-a004-4986-8f99-197c67f95675,627f03ee-d213-4a09-a407-7db8a55eb993,2026-01-13,0,9930,287,451.02,3060.95,28,14.73,6.79,0.03,1.57,0.1
d4ec37c7-3a72-488c-9822-2da78e4c5db4,a2f52393-652a-4cc1-9b80-8cdef1ebc473,2025-09-10,0,6224,211,196.39,1169.12,15,16.8,5.95,0.03,0.93,0.07
d6fb8bbc-c057-4421-a80c-40b15ee1678a,cf877ca9-11be-4504-aa33-d99b145ce5be,2025-04-10,0,10075,266,266.43,1950.28,17,13.66,7.32,0.03,1.0,0.07
d7473c5d-b750-46f1-b252-6c21503b024e,cba76de2-4212-4f37-ad08-dc324701126a,2025-05-31,1,13960,349,300.82,1998.16,28,15.05,6.64,0.03,0.86,0.08
d81c13c2-01c8-4238-9991-8fd5d3057e5a,627f03ee-d213-4a09-a407-7db8a55eb993,2025-12-05,0,11583,300,261.15,3889.05,30,6.72,14.89,0.03,0.87,0.1
d965200f-f900-4897-82b1-025b1a8f9fa7,cf877ca9-11be-4504-aa33-d99b145ce5be,2025-04-07,0,4589,95,147.47,718.01,6,20.54,4.87,0.02,1.55,0.07
db5c29b7-c02b-48f2-a1ac-d03b1e1b59c8,e5ce6a0d-94c4-4008-a0db-9c12e44c6556,2025-10-09,0,4214,118,185.36,911.09,11,20.34,4.92,0.03,1.57,0.1
dc0d17a6-3f96-4951-9382-9eb0e0ca966e,cf877ca9-11be-4504-aa33-d99b145ce5be,2025-03-19,0,8058,137,176.54,940.64,8,18.77,5.33,0.02,1.28,0.06
dc715b2e-3b5e-4232-b3ae-b45aaac57292,cf877ca9-11be-4504-aa33-d99b145ce5be,2025-03-12,0,5409,152,151.39,1046.47,10,14.47,6.91,0.03,0.99,0.07
dd55ebbe-415e-4654-8237-c657891d41cb,e5ce6a0d-94c4-4008-a0db-9c12e44c6556,2025-09-15,0,4644,157,236.38,1031.11,14,22.92,4.36,0.03,1.5,0.09
dd8da204-8226-4b1b-957c-ad516f78442d,a2f52393-652a-4cc1-9b80-8cdef1ebc473,2025-08-27,0,6935,172,182.98,2004.85,17,9.13,10.96,0.02,1.06,0.1
dd8f9976-db63-4347-a11d-770fafc0837e,a2f52393-652a-4cc1-9b80-8cdef1ebc473,2025-08-05,0,14315,272,272.49,1628.03,19,16.74,5.97,0.02,1.0,0.07
ddb8a703-e625-495e-9481-4d4fcb1d75ab,cf877ca9-11be-4504-aa33-d99b145ce5be,2025-04-14,0,8951,239,260.98,2001.38,16,13.04,7.67,0.03,1.09,0.07
ddcd5538-5def-4364-8782-928c53aba5e1,e5ce6a0d-94c4-4008-a0db-9c12e44c6556,2025-10-17,0,4613,149,209.06,953.24,12,21.93,4.56,0.03,1.4,0.08
de59e0cb-2221-4c78-b86e-192c4856d739,cba76de2-4212-4f37-ad08-dc324701126a,2025-05-20,0,13201,334,355.06,2329.1,23,15.24,6.56,0.03,1.06,0.07
def6db8c-ec46-4aa8-a371-d0cdb50ae8f8,cf877ca9-11be-4504-aa33-d99b145ce5be,2025-03-22,1,10232,264,349.53,968.87,14,36.08,2.77,0.03,1.32,0.06
e0840347-3227-4894-8b23-749eed808750,a2f52393-652a-4cc1-9b80-8cdef1ebc473,2025-08-10,1,8803,265,249.83,1678.69,18,14.88,6.72,0.03,0.94,0.07
e1289fa9-d2d0-4b36-9689-721038538bd4,a2f52393-652a-4cc1-9b80-8cdef1ebc473,2025-08-18,0,9303,294,371.08,2966.46,25,12.51,7.99,0.03,1.26,0.09
e147c55f-87bd-457a-923c-2949fe980a60,627f03ee-d213-4a09-a407-7db8a55eb993,2026-01-27,0,6303,220,200.63,2180.54,25,9.2,10.87,0.03,0.91,0.12
e194a3d1-2074-429a-a20a-2badb7b734bc,cba76de2-4212-4f37-ad08-dc324701126a,2025-06-24,0,11159,231,286.79,1686.37,15,17.01,5.88,0.02,1.24,0.07
e19a0864-a05a-4012-94e8-c25b99e60acf,a2f52393-652a-4cc1-9b80-8cdef1ebc473,2025-08-23,1,5016,150,189.06,1380.88,11,13.69,7.3,0.03,1.26,0.08
e1a0ca28-ee27-4891-ae88-cbaa26416731,cf877ca9-11be-4504-aa33-d99b145ce5be,2025-04-13,1,6264,166,256.45,1037.05,8,24.73,4.04,0.03,1.54,0.05
e228e6ae-1f3b-4317-923e-60f3201554be,627f03ee-d213-4a09-a407-7db8a55eb993,2025-11-30,1,5786,206,326.21,1756.55,22,18.57,5.38,0.04,1.58,0.11
e2cedf4a-2d67-4ce3-b9b7-d55a94229d28,cba76de2-4212-4f37-ad08-dc324701126a,2025-04-30,0,10821,224,255.47,1097.4,17,23.28,4.3,0.02,1.14,0.08
e35bb3ae-e0d6-4f3b-8f1e-569ab20f0255,cba76de2-4212-4f37-ad08-dc324701126a,2025-06-08,1,10775,389,326.93,3818.63,29,8.56,11.68,0.04,0.84,0.08
e35e6e9a-dbbb-487e-af3e-e8eda874af88,627f03ee-d213-4a09-a407-7db8a55eb993,2026-01-17,1,15068,437,696.21,4324.63,46,16.1,6.21,0.03,1.59,0.11
e3a2156a-d764-48fe-9942-6cbbca6c74f6,cf877ca9-11be-4504-aa33-d99b145ce5be,2025-03-08,1,10795,190,256.98,790.44,10,32.51,3.08,0.02,1.35,0.05
e4193fc8-9e27-4bf9-ad9f-ab145a84f5a7,cf877ca9-11be-4504-aa33-d99b145ce5be,2025-03-16,1,6288,122,167.69,783.34,7,21.41,4.67,0.02,1.37,0.06
e5859e25-3d4f-43a5-9f74-57cd32753ca9,627f03ee-d213-4a09-a407-7db8a55eb993,2026-01-20,0,11372,232,313.92,2954.64,23,10.62,9.41,0.02,1.35,0.1
e5a9e26d-4d3c-4e2d-88ef-7dd0d887b488,627f03ee-d213-4a09-a407-7db8a55eb993,2026-02-06,0,12443,438,430.15,2437.38,40,17.65,5.67,0.04,0.98,0.09
e728d6e6-125b-46d9-8dcb-b6806f3cdccd,a2f52393-652a-4cc1-9b80-8cdef1ebc473,2025-08-08,0,6655,205,203.28,1459.21,16,13.93,7.18,0.03,0.99,0.08
e77a8dae-d926-4df7-960e-f9f7405cbdfd,cba76de2-4212-4f37-ad08-dc324701126a,2025-06-22,1,9819,327,372.86,2635.73,20,14.15,7.07,0.03,1.14,0.06
e7cff2cc-d2e6-453f-a9bb-d48118258998,627f03ee-d213-4a09-a407-7db8a55eb993,2025-12-27,1,21075,784,658.61,9062.61,89,7.27,13.76,0.04,0.84,0.11
e7ebb9b3-0f47-415c-b5ad-d30e5c36fa67,a2f52393-652a-4cc1-9b80-8cdef1ebc473,2025-08-01,0,4571,176,265.35,1063.69,14,24.95,4.01,0.04,1.5,0.08
e815a14a-8530-471d-97de-40783bc92775,a2f52393-652a-4cc1-9b80-8cdef1ebc473,2025-09-14,1,17942,375,409.71,4582.51,33,8.94,11.18,0.02,1.09,0.09
e83a65ea-eeb2-476e-9c53-c10a54e6f06d,cf877ca9-11be-4504-aa33-d99b145ce5be,2025-03-20,0,7317,221,217.34,824.18,11,26.37,3.79,0.03,0.98,0.05
e83c7208-e8e9-4ab0-bf41-3c67e21c127b,627f03ee-d213-4a09-a407-7db8a55eb993,2025-12-12,0,8253,326,415.22,3615.21,29,11.49,8.71,0.04,1.27,0.09
e8916f67-eb30-4c83-ab07-0a2c75007ad0,a2f52393-652a-4cc1-9b80-8cdef1ebc473,2025-08-19,0,5685,112,165.71,844.78,8,19.62,5.1,0.02,1.47,0.08
e89e4f37-45a2-42a7-818b-b974adddf895,cba76de2-4212-4f37-ad08-dc324701126a,2025-05-08,0,4138,161,211.21,793.81,10,26.61,3.76,0.04,1.31,0.07
e8ed975f-40c1-4f4d-9563-aab07a5e0ca8,cba76de2-4212-4f37-ad08-dc324701126a,2025-05-12,0,18372,316,335.05,2684.29,22,12.48,8.01,0.02,1.06,0.07
e9655f7f-0436-4aa4-906d-6dd734863a69,e5ce6a0d-94c4-4008-a0db-9c12e44c6556,2025-09-25,0,10883,308,431.71,2849.27,29,15.15,6.6,0.03,1.4,0.1
ea0d4a13-6584-4986-8123-5ebef2113601,627f03ee-d213-4a09-a407-7db8a55eb993,2025-12-21,1,20067,592,557.17,7002.55,55,7.96,12.57,0.03,0.94,0.09
ea10a2e6-1fe4-4729-889a-cbf3fb4dce73,cf877ca9-11be-4504-aa33-d99b145ce5be,2025-04-18,0,6538,119,141.54,511.81,6,27.65,3.62,0.02,1.18,0.06
eb4160b1-4eef-4c6c-a966-9f210862c4af,cf877ca9-11be-4504-aa33-d99b145ce5be,2025-03-05,0,4207,146,152.88,742.27,9,20.6,4.86,0.03,1.04,0.06
ebb0ce88-85e7-4015-b22d-3d024b1ea853,cba76de2-4212-4f37-ad08-dc324701126a,2025-07-03,0,9424,360,396.31,2964.42,27,13.37,7.48,0.04,1.1,0.08
ed4a8015-8f25-4cf5-8d8c-db7c4dc9acad,cf877ca9-11be-4504-aa33-d99b145ce5be,2025-04-21,0,5275,201,183.61,621.49,10,29.54,3.38,0.04,0.91,0.05
edeae152-0053-4c74-a11b-480b8781a81b,e5ce6a0d-94c4-4008-a0db-9c12e44c6556,2025-10-05,1,20441,556,595.34,5446.36,45,10.93,9.15,0.03,1.07,0.08
ee204b99-f5b9-415e-a75d-3ae6fb2be8f3,cba76de2-4212-4f37-ad08-dc324701126a,2025-06-27,0,9085,328,315.39,3621.91,29,8.71,11.48,0.04,0.96,0.09
efcfcbf8-6a9b-48d3-904d-af6d18eb1212,a2f52393-652a-4cc1-9b80-8cdef1ebc473,2025-08-09,1,10858,329,487.65,2758.0,23,17.68,5.66,0.03,1.48,0.07
f1ee3abc-374b-4b5f-8dec-743a56f029ab,cba76de2-4212-4f37-ad08-dc324701126a,2025-06-29,1,8957,189,257.96,1004.88,16,25.67,3.9,0.02,1.36,0.09
f1f02751-f27b-4040-96af-9ba528d318a6,e5ce6a0d-94c4-4008-a0db-9c12e44c6556,2025-09-16,0,17068,425,399.93,2570.0,39,15.56,6.43,0.02,0.94,0.09
f21dc3c7-55d9-42ff-b01b-45e30a511ed0,cf877ca9-11be-4504-aa33-d99b145ce5be,2025-02-27,0,11470,234,208.47,1289.91,15,16.16,6.19,0.02,0.89,0.07
f2359146-9169-4f15-805b-5c07941a56d3,a2f52393-652a-4cc1-9b80-8cdef1ebc473,2025-07-15,0,4166,140,212.7,1216.99,10,17.48,5.72,0.03,1.51,0.07
f2aa39ab-f3c2-4cb6-bac4-dfcfdc336701,cf877ca9-11be-4504-aa33-d99b145ce5be,2025-04-01,0,2634,98,117.77,502.29,4,23.45,4.26,0.04,1.2,0.05
f2b4f170-d64c-4c40-922b-9fb4f5b0e4a2,cf877ca9-11be-4504-aa33-d99b145ce5be,2025-03-01,1,13800,207,322.08,926.22,11,34.77,2.88,0.02,1.55,0.06
f2b77f97-5b82-4e14-8686-191115651005,a2f52393-652a-4cc1-9b80-8cdef1ebc473,2025-09-07,1,19371,339,406.95,3558.56,26,11.44,8.74,0.02,1.2,0.08
f3600430-5b12-4832-a023-02b087479b26,627f03ee-d213-4a09-a407-7db8a55eb993,2026-01-02,0,5220,201,207.16,2244.58,21,9.23,10.84,0.04,1.03,0.11
f368f644-3028-490d-8a1d-83dcdb390923,a2f52393-652a-4cc1-9b80-8cdef1ebc473,2025-09-08,0,11840,341,413.2,2573.55,24,16.06,6.23,0.03,1.21,0.07
f37c34f5-a808-4ee6-bc3f-4f28bd0f5408,cba76de2-4212-4f37-ad08-dc324701126a,2025-05-05,0,7346,180,286.37,1378.87,11,20.77,4.81,0.02,1.59,0.07
f5363ea0-c54a-45e1-badb-cb1b58e10640,cba76de2-4212-4f37-ad08-dc324701126a,2025-05-19,0,6086,210,267.97,1792.01,13,14.95,6.69,0.03,1.27,0.06
f6afabd4-bacb-43b1-a084-00864217ad15,cba76de2-4212-4f37-ad08-dc324701126a,2025-06-07,1,9697,385,451.36,2630.81,23,17.16,5.83,0.04,1.17,0.06
f6cabde9-ff88-4892-9464-20e10608f338,a2f52393-652a-4cc1-9b80-8cdef1ebc473,2025-07-25,0,6562,210,283.59,2128.57,17,13.32,7.51,0.03,1.35,0.08
f711a99f-07b5-4fbd-ae05-94c4e5d605f8,cba76de2-4212-4f37-ad08-dc324701126a,2025-05-21,0,8089,127,132.84,1135.01,9,11.7,8.54,0.02,1.04,0.08
f7bf78c3-c2bd-43ba-a8be-34434e716da0,a2f52393-652a-4cc1-9b80-8cdef1ebc473,2025-07-31,0,23470,399,419.6,4905.23,40,8.55,11.69,0.02,1.05,0.1
f81caa4d-cd0a-4c16-979a-71395c66a160,cf877ca9-11be-4504-aa33-d99b145ce5be,2025-03-07,0,14530,263,245.46,846.06,13,29.01,3.45,0.02,0.93,0.05
f86ab127-2343-46d2-905c-4f7bdecd8457,e5ce6a0d-94c4-4008-a0db-9c12e44c6556,2025-10-18,1,8951,333,413.82,2039.6,28,20.29,4.93,0.04,1.24,0.09
f983912b-28dc-4a2c-a93f-e11a2a655844,cf877ca9-11be-4504-aa33-d99b145ce5be,2025-02-24,0,6704,179,156.32,1391.75,11,11.23,8.9,0.03,0.87,0.06
f9930c29-8d5f-49a7-b621-ce9849a70f75,e5ce6a0d-94c4-4008-a0db-9c12e44c6556,2025-11-12,0,4131,119,180.97,1165.02,11,15.53,6.44,0.03,1.52,0.1
faa6cb67-3b0a-4629-8861-9a7bac67a83b,627f03ee-d213-4a09-a407-7db8a55eb993,2026-01-15,0,6637,152,202.87,1520.8,16,13.34,7.5,0.02,1.33,0.11
fb427c70-e001-4bbc-bab9-bb3d91a8bf89,cba76de2-4212-4f37-ad08-dc324701126a,2025-04-26,1,9739,374,415.64,2962.5,28,14.03,7.13,0.04,1.11,0.08
fb49f29c-efab-4fe5-bd22-c7344c839610,e5ce6a0d-94c4-4008-a0db-9c12e44c6556,2025-09-17,0,13367,262,333.47,2258.52,25,14.76,6.77,0.02,1.27,0.1
fbe87f80-3521-4154-b869-fe08bbd432db,a2f52393-652a-4cc1-9b80-8cdef1ebc473,2025-08-31,1,23750,437,385.21,3086.09,45,12.48,8.01,0.02,0.88,0.1
fd478940-da5a-4246-b0c7-88b5e8f4f23a,cba76de2-4212-4f37-ad08-dc324701126a,2025-06-11,0,3970,133,175.79,1019.6,10,17.24,5.8,0.03,1.32,0.08
fd663695-e2f8-4a35-8ffe-f2451c37e400,e5ce6a0d-94c4-4008-a0db-9c12e44c6556,2025-11-05,0,12403,289,318.86,2948.75,24,10.81,9.25,0.02,1.1,0.09
fd6d03ed-cd6f-4db3-a23e-c9824ff00787,e5ce6a0d-94c4-4008-a0db-9c12e44c6556,2025-10-23,0,18888,442,385.03,4980.07,38,7.73,12.93,0.02,0.87,0.09
fe49bd2c-3c9b-49d5-9302-ed7c5aeeb7b4,e5ce6a0d-94c4-4008-a0db-9c12e44c6556,2025-10-10,0,13401,264,222.47,1584.13,24,14.04,7.12,0.02,0.84,0.09
fe4fc97a-4eeb-47e1-ae69-a974dde2fbfd,cf877ca9-11be-4504-aa33-d99b145ce5be,2025-03-06,0,3521,137,174.25,747.42,7,23.31,4.29,0.04,1.27,0.05
fe8501c4-02b4-4b1e-b509-4cb492af1acd,627f03ee-d213-4a09-a407-7db8a55eb993,2026-01-18,1,15633,469,680.69,3271.13,45,20.81,4.81,0.03,1.45,0.1
fe93963c-3ae0-4ec3-a070-d03a9214cbad,a2f52393-652a-4cc1-9b80-8cdef1ebc473,2025-07-19,1,5633,160,176.4,1564.17,12,11.28,8.87,0.03,1.1,0.08
ffc74a30-3907-4bf5-9aa5-d69408153300,a2f52393-652a-4cc1-9b80-8cdef1ebc473,2025-08-02,1,10396,210,285.75,1548.03,15,18.46,5.42,0.02,1.36,0.07
