id,campaign_id,date,impressions,clicks,spend,sales,orders,acos,roas,ctr,cpc,cvr
0183e01e-64cd-467f-94f7-89f58f8e8822,8dae7e2b-a901-4f34-8600-71ceb1a53b2b,2025-12-25,12904,351,312.51,2524.72,34,12.38,8.08,0.03,0.89,0.1
069ff3bb-6cb6-4e98-8a5a-d31c023cf348,dbba83e3-d6c0-4ddd-96bc-ce60e609efea,2025-09-09,12506,449,435.6,2446.15,34,17.81,5.62,0.04,0.97,0.08
096ac282-5ad1-4f36-be59-be2772766c28,a35aa2e5-045c-467a-ac4e-005db59dec19,2025-03-24,5525,121,114.12,752.54,7,15.16,6.59,0.02,0.94,0.07
0b2202d8-de7f-4ebb-beb0-7e6315c579b7,86586eca-512a-4863-9fdb-f267e9802eda,2025-04-28,14663,349,345.61,1592.25,24,21.71,4.61,0.02,0.99,0.07
0b45f69d-aec6-4aeb-80c9-e0b981fc40b8,8dae7e2b-a901-4f34-8600-71ceb1a53b2b,2026-01-21,13509,281,419.17,3368.72,29,12.44,8.04,0.02,1.49,0.1
0be08bbf-82f5-4956-9441-34ecf5e28a9b,a35aa2e5-045c-467a-ac4e-005db59dec19,2025-03-21,4108,106,139.58,448.82,5,31.1,3.22,0.03,1.31,0.05
0c335ab0-6fca-4e90-ac1b-4ac06b05f690,8dae7e2b-a901-4f34-8600-71ceb1a53b2b,2026-01-31,6166,185,267.59,2303.05,19,11.62,8.61,0.03,1.44,0.11
0ce10548-f353-4fdb-9ccc-d45d03b25630,dbba83e3-d6c0-4ddd-96bc-ce60e609efea,2025-07-28,6578,200,208.71,2040.31,17,10.23,9.78,0.03,1.04,0.09
0d7ae4d5-da43-4a8c-b445-77225774f91e,05f90606-0637-47ab-b889-5b3be28e8283,2025-10-06,19393,448,426.04,3286.37,41,12.96,7.71,0.02,0.95,0.09
0e13c888-bd41-4be2-a53a-20094eeda5cd,dbba83e3-d6c0-4ddd-96bc-ce60e609efea,2025-08-05,11724,204,214.31,2021.67,15,10.6,9.43,0.02,1.05,0.08
0e26cc13-1ae4-4287-847e-c13cd5500a65,dbba83e3-d6c0-4ddd-96bc-ce60e609efea,2025-07-26,7557,294,454.01,3853.38,29,11.78,8.49,0.04,1.54,0.1
0e4f7a4c-5f4f-4946-af00-49190f4bc62e,a35aa2e5-045c-467a-ac4e-005db59dec19,2025-04-12,9181,258,281.3,2215.46,16,12.7,7.88,0.03,1.09,0.07
0f50dcdc-2d2a-463c-9bc5-bc950de1daa9,dbba83e3-d6c0-4ddd-96bc-ce60e609efea,2025-08-20,8893,209,313.97,1393.57,15,22.53,4.44,0.02,1.5,0.07
0f5b04e9-b29d-481f-a85b-c9b08312fc92,05f90606-0637-47ab-b889-5b3be28e8283,2025-10-11,11861,325,289.52,2658.39,32,10.89,9.18,0.03,0.89,0.1
0fb958aa-07ef-4800-b66d-601993920ea2,86586eca-512a-4863-9fdb-f267e9802eda,2025-06-05,5646,166,146.94,1245.15,12,11.8,8.47,0.03,0.88,0.07
1098aa13-460f-494a-b675-572cf61c8f5b,05f90606-0637-47ab-b889-5b3be28e8283,2025-10-23,9053,220,319.46,1367.96,21,23.35,4.28,0.02,1.45,0.1
109f2f24-f387-4392-9a2c-edb7cd98d893,a35aa2e5-045c-467a-ac4e-005db59dec19,2025-04-18,5605,176,185.11,1363.8,11,13.57,7.37,0.03,1.05,0.07
122cb58a-37d0-4305-a273-1e824a0fc31d,dbba83e3-d6c0-4ddd-96bc-ce60e609efea,2025-07-24,9819,326,323.03,1694.0,24,19.07,5.24,0.03,0.99,0.08
1263c1cd-c8ca-4d6a-9cae-d4213093ad4e,86586eca-512a-4863-9fdb-f267e9802eda,2025-06-07,13099,317,317.29,1323.77,21,23.97,4.17,0.02,1.0,0.07
12d06a5e-4c44-42be-a69a-0ed1af2259a6,a35aa2e5-045c-467a-ac4e-005db59dec19,2025-03-15,9806,203,297.61,930.55,10,31.98,3.13,0.02,1.46,0.05
139c44d2-93f4-4764-82d3-7b26284bcb31,a35aa2e5-045c-467a-ac4e-005db59dec19,2025-03-30,4216,148,231.7,1469.41,11,15.77,6.34,0.04,1.56,0.08
14532341-4209-4fc8-9e84-94f698bfafdb,dbba83e3-d6c0-4ddd-96bc-ce60e609efea,2025-08-30,20305,465,530.15,4179.5,42,12.68,7.88,0.02,1.14,0.09
151651c5-0292-4064-83f6-6a1fd862cc05,8dae7e2b-a901-4f34-8600-71ceb1a53b2b,2026-02-05,5879,234,271.82,2411.96,25,11.27,8.87,0.04,1.16,0.11
152c1009-f3d8-4697-b792-006d8a70047c,8dae7e2b-a901-4f34-8600-71ceb1a53b2b,2025-12-10,10089,340,426.01,4010.24,30,10.62,9.41,0.03,1.25,0.09
160d5cbd-7c90-43df-b5f2-38d6d1e9befe,dbba83e3-d6c0-4ddd-96bc-ce60e609efea,2025-08-23,28080,556,472.94,4332.82,48,10.92,9.16,0.02,0.85,0.09
171f076b-2b88-4780-865f-20f9b36eb6a3,dbba83e3-d6c0-4ddd-96bc-ce60e609efea,2025-07-27,9277,154,208.71,1289.31,14,16.19,6.18,0.02,1.35,0.09
17b5b3c5-e7a4-47dc-9050-80181afc3b9e,a35aa2e5-045c-467a-ac4e-005db59dec19,2025-03-27,7323,197,311.4,999.06,11,31.17,3.21,0.03,1.58,0.06
180c3a6c-d969-4798-9f09-fec21be07d1a,a35aa2e5-045c-467a-ac4e-005db59dec19,2025-03-03,11220,239,256.62,1112.7,15,23.06,4.34,0.02,1.07,0.06
19868d07-9af1-46c9-af1b-2fc1ed4fc747,dbba83e3-d6c0-4ddd-96bc-ce60e609efea,2025-09-13,15112,470,479.86,3649.58,40,13.15,7.61,0.03,1.02,0.09
1a6cb3c4-50d9-488c-9378-36a8abeff9b3,05f90606-0637-47ab-b889-5b3be28e8283,2025-10-08,11629,314,374.06,2913.8,27,12.84,7.79,0.03,1.19,0.09
1af8cfd7-ef86-47a2-86c6-d7e9c43d30a5,a35aa2e5-045c-467a-ac4e-005db59dec19,2025-03-07,8172,152,207.02,669.63,10,30.92,3.23,0.02,1.36,0.07
1b563738-deaa-4a45-ab4a-bfd5c94656fa,86586eca-512a-4863-9fdb-f267e9802eda,2025-06-09,7688,143,199.48,1178.78,9,16.92,5.91,0.02,1.39,0.06
1b6a4c4c-d904-4148-8089-f67cd820748a,05f90606-0637-47ab-b889-5b3be28e8283,2025-09-16,6630,185,206.04,1866.54,15,11.04,9.06,0.03,1.11,0.08
1b828a87-80d9-435a-9966-d58603dd4ec7,a35aa2e5-045c-467a-ac4e-005db59dec19,2025-02-21,8761,198,278.1,979.07,13,28.4,3.52,0.02,1.4,0.07
1bbe797d-f76e-477e-a48d-e5e5e03618b4,05f90606-0637-47ab-b889-5b3be28e8283,2025-10-30,11708,185,275.19,1258.17,19,21.87,4.57,0.02,1.48,0.11
1c1b5010-a166-4bbb-9997-91d4d9860566,86586eca-512a-4863-9fdb-f267e9802eda,2025-05-22,6271,148,179.78,1394.06,10,12.9,7.75,0.02,1.21,0.07
1cde7288-c0d4-4699-8651-e098e7f45b4e,05f90606-0637-47ab-b889-5b3be28e8283,2025-09-21,10771,363,468.84,3415.97,31,13.73,7.29,0.03,1.29,0.09
1d32ce2e-38aa-432b-8a16-762b5ad75678,a35aa2e5-045c-467a-ac4e-005db59dec19,2025-02-28,6206,216,311.39,953.9,15,32.64,3.06,0.03,1.44,0.07
1d99e826-c667-4b19-bddc-cdea174be3f5,a35aa2e5-045c-467a-ac4e-005db59dec19,2025-04-21,11728,190,232.0,1158.94,10,20.02,5.0,0.02,1.22,0.05
1ef03139-7525-43f9-bcba-559a8f80fd9f,05f90606-0637-47ab-b889-5b3be28e8283,2025-10-04,17152,259,379.24,3007.4,22,12.61,7.93,0.02,1.46,0.09
1f9ca60c-d521-4f7b-afbf-b2c0b34cad41,05f90606-0637-47ab-b889-5b3be28e8283,2025-11-11,13738,305,486.22,3256.76,29,14.93,6.7,0.02,1.59,0.1
1fa377ff-b1e4-4419-b001-a91dc624934b,8dae7e2b-a901-4f34-8600-71ceb1a53b2b,2025-11-28,8638,203,300.53,3288.07,24,9.14,10.94,0.02,1.48,0.12
206b5293-7ec4-45b2-ad50-ac71c3aa2416,a35aa2e5-045c-467a-ac4e-005db59dec19,2025-02-25,6428,207,195.52,892.86,14,21.9,4.57,0.03,0.94,0.07
20aa87dd-e139-44cf-a8de-7398399e1c74,86586eca-512a-4863-9fdb-f267e9802eda,2025-06-14,14743,547,443.1,2719.54,39,16.29,6.14,0.04,0.81,0.07
20bf9320-9f9c-4b5a-87f2-e60592e11653,05f90606-0637-47ab-b889-5b3be28e8283,2025-11-10,16631,316,503.22,3068.43,26,16.4,6.1,0.02,1.59,0.09
20efcd1a-c79f-4237-b080-20486753caf4,a35aa2e5-045c-467a-ac4e-005db59dec19,2025-02-14,5128,120,144.32,790.79,7,18.25,5.48,0.02,1.2,0.06
214e4a18-5d61-47df-b029-f22ed3eed44b,8dae7e2b-a901-4f34-8600-71ceb1a53b2b,2025-12-19,9634,316,363.88,3644.13,32,9.99,10.01,0.03,1.15,0.1
216d321c-c2d8-484a-8497-0658b7ebb823,a35aa2e5-045c-467a-ac4e-005db59dec19,2025-03-19,5543,153,169.94,756.03,10,22.48,4.45,0.03,1.11,0.07
21838e6c-b1f9-49a6-a935-7bd3d993b15a,dbba83e3-d6c0-4ddd-96bc-ce60e609efea,2025-07-11,7454,205,183.33,2162.7,18,8.48,11.8,0.03,0.89,0.09
23651693-0953-41d9-ad42-71028d0f6df4,8dae7e2b-a901-4f34-8600-71ceb1a53b2b,2026-01-23,16666,350,469.78,4114.84,37,11.42,8.76,0.02,1.34,0.11
23f6ee7e-3a15-4e1e-9637-627cf808deea,a35aa2e5-045c-467a-ac4e-005db59dec19,2025-04-19,10256,160,202.59,1103.82,10,18.35,5.45,0.02,1.26,0.07
249ac29e-7db3-432b-92dc-ebb7c549c483,8dae7e2b-a901-4f34-8600-71ceb1a53b2b,2025-12-08,11710,267,424.87,2844.73,28,14.94,6.7,0.02,1.59,0.11
256267e6-b629-4f31-af24-7ba2f187273c,dbba83e3-d6c0-4ddd-96bc-ce60e609efea,2025-09-08,10122,247,306.52,1580.29,21,19.4,5.16,0.02,1.24,0.09
27022264-90aa-4a17-96dc-497117299442,86586eca-512a-4863-9fdb-f267e9802eda,2025-06-21,26595,500,400.31,2165.57,36,18.49,5.41,0.02,0.8,0.07
27740237-b9eb-4631-a99d-af7aa4c68c77,a35aa2e5-045c-467a-ac4e-005db59dec19,2025-03-05,5960,152,205.01,725.66,8,28.25,3.54,0.03,1.34,0.05
291f6f8b-ddfa-4308-9570-37f6778c46c9,8dae7e2b-a901-4f34-8600-71ceb1a53b2b,2026-01-11,13765,329,517.62,2229.12,34,23.22,4.31,0.02,1.57,0.11
2a498677-c8f4-4238-a24b-f924b44d75e1,86586eca-512a-4863-9fdb-f267e9802eda,2025-06-23,5122,188,288.54,842.91,14,34.23,2.92,0.04,1.53,0.08
2a6da157-4e04-4746-9e24-7885f68bc7ce,86586eca-512a-4863-9fdb-f267e9802eda,2025-05-17,14095,265,398.08,1621.32,16,24.55,4.07,0.02,1.5,0.06
2a895ad7-8b63-4ccc-9d12-3fa541da7253,a35aa2e5-045c-467a-ac4e-005db59dec19,2025-02-15,6221,135,157.0,563.34,7,27.87,3.59,0.02,1.16,0.05
2af11f64-5617-4edd-8c86-eb1954288f3d,05f90606-0637-47ab-b889-5b3be28e8283,2025-10-17,9240,365,453.73,3908.38,31,11.61,8.61,0.04,1.24,0.09
2bf3cfa9-172c-4d5b-8484-d748b348d4da,86586eca-512a-4863-9fdb-f267e9802eda,2025-05-26,8862,148,169.51,1319.89,11,12.84,7.79,0.02,1.14,0.08
2c5efc76-3c92-4716-ba09-4b58eda85e11,a35aa2e5-045c-467a-ac4e-005db59dec19,2025-04-20,5983,216,329.04,1075.39,12,30.6,3.27,0.04,1.52,0.06
2c8244f2-01e0-4025-92c2-3f13cc786c2f,dbba83e3-d6c0-4ddd-96bc-ce60e609efea,2025-08-03,16279,617,518.94,4335.57,53,11.97,8.35,0.04,0.84,0.09
2e970e1e-5ccf-4f03-86c8-884fae72eced,86586eca-512a-4863-9fdb-f267e9802eda,2025-05-28,10382,407,330.37,2375.63,34,13.91,7.19,0.04,0.81,0.09
2ed6e9c5-5e6b-444c-8ee2-623fca47a2b7,86586eca-512a-4863-9fdb-f267e9802eda,2025-06-25,22012,339,356.69,1915.29,26,18.62,5.37,0.02,1.05,0.08
2ed7034c-129c-4198-a293-05df40fea37e,a35aa2e5-045c-467a-ac4e-005db59dec19,2025-02-22,11188,339,281.93,2216.87,17,12.72,7.86,0.03,0.83,0.05
30732890-ee60-4bc2-890f-eadaf9219705,a35aa2e5-045c-467a-ac4e-005db59dec19,2025-03-26,6654,183,271.56,978.21,13,27.76,3.6,0.03,1.48,0.08
30c82c1e-5ca5-4d38-ac14-12555514b6b9,8dae7e2b-a901-4f34-8600-71ceb1a53b2b,2026-01-05,13571,266,303.42,2636.52,27,11.51,8.69,0.02,1.14,0.11
320cd593-cc7a-4068-9378-70311a4512b6,8dae7e2b-a901-4f34-8600-71ceb1a53b2b,2025-12-22,7565,174,218.31,1332.36,17,16.38,6.1,0.02,1.25,0.1
322c71ef-2f61-4c28-bc89-5baa79d57413,86586eca-512a-4863-9fdb-f267e9802eda,2025-06-18,11235,191,229.33,1023.92,13,22.4,4.46,0.02,1.2,0.07
32d4e5ce-1161-4ebc-a159-a96e90a7ca03,05f90606-0637-47ab-b889-5b3be28e8283,2025-11-15,10289,249,378.75,2893.25,21,13.09,7.64,0.02,1.52,0.09
32e9407a-18e3-459c-ba65-ac550434103a,86586eca-512a-4863-9fdb-f267e9802eda,2025-07-01,20189,319,262.21,1683.15,22,15.58,6.42,0.02,0.82,0.07
33933072-0f54-4aca-b4e8-98599a3d86f1,86586eca-512a-4863-9fdb-f267e9802eda,2025-05-09,6250,175,247.88,965.34,12,25.68,3.89,0.03,1.41,0.07
33f01fb0-455a-45b8-a61e-511b9f360208,dbba83e3-d6c0-4ddd-96bc-ce60e609efea,2025-07-15,16975,348,302.8,2908.62,28,10.41,9.61,0.02,0.87,0.08
33fb8eb1-2082-442a-aeb7-2f976eac35ce,05f90606-0637-47ab-b889-5b3be28e8283,2025-10-10,9216,353,442.13,3769.37,31,11.73,8.53,0.04,1.25,0.09
340a7c51-bfae-427d-b03c-79c74688a98f,05f90606-0637-47ab-b889-5b3be28e8283,2025-11-17,9164,307,454.81,3538.51,26,12.85,7.78,0.03,1.48,0.09
35d7a726-0027-4470-97a4-c3a1f27d2585,dbba83e3-d6c0-4ddd-96bc-ce60e609efea,2025-09-05,11688,263,408.2,2185.39,21,18.68,5.35,0.02,1.55,0.08
35fdaeeb-4c2b-4504-9fda-5a930f2b0eed,86586eca-512a-4863-9fdb-f267e9802eda,2025-06-24,13560,358,350.99,2554.49,27,13.74,7.28,0.03,0.98,0.08
3601b145-90dc-4f8f-af2d-f85a7b7c0250,86586eca-512a-4863-9fdb-f267e9802eda,2025-06-19,11470,351,337.48,2923.56,28,11.54,8.66,0.03,0.96,0.08
36218418-95c0-4569-9fb0-b7cfc92b45e6,dbba83e3-d6c0-4ddd-96bc-ce60e609efea,2025-08-07,15155,244,317.73,2266.59,19,14.02,7.13,0.02,1.3,0.08
3700ccc7-a3a8-40a8-8cee-cb80000e773f,a35aa2e5-045c-467a-ac4e-005db59dec19,2025-03-12,8181,153,132.36,1108.96,8,11.94,8.38,0.02,0.86,0.05
388f9a13-71af-4eb3-a020-c5f749ca86ee,a35aa2e5-045c-467a-ac4e-005db59dec19,2025-04-10,9578,182,185.96,875.52,10,21.24,4.71,0.02,1.02,0.06
3ac87852-18b6-4917-9750-63ed15a3e9fc,dbba83e3-d6c0-4ddd-96bc-ce60e609efea,2025-08-22,6762,211,289.41,1780.03,15,16.26,6.15,0.03,1.37,0.07
3b150914-4e8f-44b5-9aaa-fa8e40e741bd,86586eca-512a-4863-9fdb-f267e9802eda,2025-04-26,4097,118,159.85,615.29,9,25.98,3.85,0.03,1.35,0.08
3bb2fa3b-9f81-4a54-bdfb-12fc8dcf5c14,05f90606-0637-47ab-b889-5b3be28e8283,2025-11-24,6431,182,228.71,1813.51,16,12.61,7.93,0.03,1.25,0.09
3c4319ed-c022-4c0b-868f-d8049bf6648a,8dae7e2b-a901-4f34-8600-71ceb1a53b2b,2025-12-28,27136,597,591.71,6874.09,68,8.61,11.62,0.02,0.99,0.11
3c60d0fa-a87a-4ac8-ba4c-b139002bfce6,dbba83e3-d6c0-4ddd-96bc-ce60e609efea,2025-07-05,21711,406,381.96,2038.09,30,18.74,5.34,0.02,0.94,0.08
3cc1344d-a8f5-423c-a590-244fa532c94e,86586eca-512a-4863-9fdb-f267e9802eda,2025-06-28,7029,258,253.69,1720.19,21,14.75,6.78,0.04,0.98,0.08
3d66bdec-e2e0-4fe2-8ec9-a1e9956c6fa3,a35aa2e5-045c-467a-ac4e-005db59dec19,2025-02-08,5510,189,191.46,1458.67,11,13.13,7.62,0.03,1.01,0.06
3dd2dcb2-48b3-4dd7-87c8-34b48d8ff688,86586eca-512a-4863-9fdb-f267e9802eda,2025-04-30,7913,273,248.95,2572.39,21,9.68,10.33,0.03,0.91,0.08
3e20744c-32c4-4312-baa2-a44f020b4190,dbba83e3-d6c0-4ddd-96bc-ce60e609efea,2025-08-02,10066,304,340.82,2534.61,26,13.45,7.44,0.03,1.12,0.09
3efbbdb1-e2a0-4b59-80ca-77c2ca2d12a8,8dae7e2b-a901-4f34-8600-71ceb1a53b2b,2025-12-21,12140,397,624.74,4435.56,39,14.08,7.1,0.03,1.57,0.1
3fcbfb2d-d5cd-485f-8ac5-22da537449c7,8dae7e2b-a901-4f34-8600-71ceb1a53b2b,2026-02-06,11698,186,206.64,1613.71,19,12.81,7.81,0.02,1.11,0.1
3fecde2d-895d-44b0-b519-25f521ffb1fc,dbba83e3-d6c0-4ddd-96bc-ce60e609efea,2025-07-22,6500,117,185.0,926.05,9,19.98,5.01,0.02,1.58,0.08
41d67ebc-e3e8-4ddc-93a7-8bb91ec3f21d,05f90606-0637-47ab-b889-5b3be28e8283,2025-11-25,8602,197,205.55,1268.52,16,16.2,6.17,0.02,1.04,0.08
423c8f88-070a-40e5-b863-6d575d70b896,dbba83e3-d6c0-4ddd-96bc-ce60e609efea,2025-07-14,3974,157,241.38,1596.41,13,15.12,6.61,0.04,1.53,0.09
42666bfb-a68a-4790-b802-0fe6697b3869,05f90606-0637-47ab-b889-5b3be28e8283,2025-10-22,15123,307,332.53,3097.16,24,10.74,9.31,0.02,1.08,0.08
4495a64f-77c8-4a26-a830-2b385780d9e9,a35aa2e5-045c-467a-ac4e-005db59dec19,2025-03-11,8529,261,310.71,1907.71,16,16.29,6.14,0.03,1.19,0.06
456ed4e1-f442-459b-b7a0-e0478ad05efd,05f90606-0637-47ab-b889-5b3be28e8283,2025-09-23,5120,191,278.35,1901.27,16,14.64,6.83,0.04,1.45,0.09
473ef140-ff9d-490a-9529-c52ad8b946ab,a35aa2e5-045c-467a-ac4e-005db59dec19,2025-02-23,6714,233,366.02,1547.95,15,23.65,4.23,0.03,1.57,0.07
475863ae-0ddb-443c-94c5-d36efc07486e,dbba83e3-d6c0-4ddd-96bc-ce60e609efea,2025-08-26,9079,296,415.38,2383.61,26,17.43,5.74,0.03,1.4,0.09
478d22d5-bf22-4189-912c-d67ae39caf50,a35aa2e5-045c-467a-ac4e-005db59dec19,2025-04-09,6512,254,340.53,1806.37,14,18.85,5.3,0.04,1.34,0.06
48fdc89b-d6bb-495f-87f2-e36948187f2a,05f90606-0637-47ab-b889-5b3be28e8283,2025-11-09,26168,403,557.2,2178.04,35,25.58,3.91,0.02,1.38,0.09
49cd1f14-747d-4bd8-b1e0-82758f3ed505,05f90606-0637-47ab-b889-5b3be28e8283,2025-09-18,11307,294,405.87,2094.74,24,19.38,5.16,0.03,1.38,0.08
4a8b53c2-0fb1-4c8f-9f00-4953cdaa52d2,8dae7e2b-a901-4f34-8600-71ceb1a53b2b,2026-01-01,6161,191,300.18,2519.81,18,11.91,8.39,0.03,1.57,0.1
4bb9f633-604c-420b-be20-747c6b829e45,8dae7e2b-a901-4f34-8600-71ceb1a53b2b,2026-01-03,18561,516,660.8,4307.18,56,15.34,6.52,0.03,1.28,0.11
4d16dbd2-35db-4d14-b888-571988fd1ae0,a35aa2e5-045c-467a-ac4e-005db59dec19,2025-03-31,7906,204,316.95,1757.08,13,18.04,5.54,0.03,1.55,0.07
4e5b80d1-7a0a-4880-b88f-23911b01c683,05f90606-0637-47ab-b889-5b3be28e8283,2025-11-02,14590,321,376.63,2588.94,28,14.55,6.87,0.02,1.17,0.09
4e9285f3-ea6f-4e1a-8961-0d2eab814bc4,dbba83e3-d6c0-4ddd-96bc-ce60e609efea,2025-08-17,6437,150,192.27,1476.96,12,13.02,7.68,0.02,1.28,0.09
5006c7f6-86a1-45d0-848b-91fea5f6747a,8dae7e2b-a901-4f34-8600-71ceb1a53b2b,2026-02-03,17787,402,546.95,2683.24,39,20.38,4.91,0.02,1.36,0.1
50f72fdd-cdf8-47b7-b01b-e0524f86fbba,dbba83e3-d6c0-4ddd-96bc-ce60e609efea,2025-08-04,6955,265,358.08,1643.18,21,21.79,4.59,0.04,1.35,0.08
51cd1193-344a-4316-86e3-c76e505834c0,a35aa2e5-045c-467a-ac4e-005db59dec19,2025-03-29,10748,201,311.03,1567.0,13,19.85,5.04,0.02,1.54,0.07
51d50819-b73a-479f-8ce4-0fc8416cf7c2,dbba83e3-d6c0-4ddd-96bc-ce60e609efea,2025-08-19,6879,194,198.53,1054.44,14,18.83,5.31,0.03,1.02,0.07
527f6d37-0181-42cb-9d60-c7e180ef2325,a35aa2e5-045c-467a-ac4e-005db59dec19,2025-04-06,15380,283,269.07,1143.63,19,23.53,4.25,0.02,0.95,0.07
5388de5c-4cec-416f-9707-6093302a25ab,86586eca-512a-4863-9fdb-f267e9802eda,2025-04-29,6083,233,355.41,2446.17,20,14.53,6.88,0.04,1.52,0.09
539d9950-51a6-495f-bc27-ebfa16057d2b,a35aa2e5-045c-467a-ac4e-005db59dec19,2025-04-01,4572,182,290.87,1106.84,11,26.28,3.81,0.04,1.59,0.07
5479d05c-b19b-4dc9-b7fd-c474499dec2b,8dae7e2b-a901-4f34-8600-71ceb1a53b2b,2026-01-20,9342,270,311.13,2572.27,29,12.1,8.27,0.03,1.15,0.11
54d37f5c-e213-4ddc-b98b-2f6b70723120,05f90606-0637-47ab-b889-5b3be28e8283,2025-10-02,16363,288,239.44,2649.93,27,9.04,11.07,0.02,0.83,0.1
5629becf-532c-4d96-aa4a-02aa72dcdeda,86586eca-512a-4863-9fdb-f267e9802eda,2025-06-15,23139,398,398.42,3014.38,25,13.22,7.57,0.02,1.0,0.06
562d8456-5527-4518-8126-23ebee13c923,a35aa2e5-045c-467a-ac4e-005db59dec19,2025-02-16,6380,245,336.17,1120.77,15,29.99,3.33,0.04,1.37,0.06
56d95cbd-0f11-45ca-a5ac-9205c0a8767c,05f90606-0637-47ab-b889-5b3be28e8283,2025-09-24,8571,192,158.18,1995.42,16,7.93,12.61,0.02,0.82,0.09
5779060d-e6cd-449c-83c0-0e399661b020,dbba83e3-d6c0-4ddd-96bc-ce60e609efea,2025-08-27,7605,270,319.76,1935.34,26,16.52,6.05,0.04,1.18,0.1
59261860-c501-46de-aa9b-fd476b31a543,86586eca-512a-4863-9fdb-f267e9802eda,2025-05-12,16883,260,346.21,1979.28,16,17.49,5.72,0.02,1.33,0.06
593d470e-b323-4a20-85aa-30f2b3aa8369,dbba83e3-d6c0-4ddd-96bc-ce60e609efea,2025-09-07,15020,371,449.65,2353.82,30,19.1,5.23,0.02,1.21,0.08
59f79cc1-0e76-442d-869d-f0e4a2e41a2c,05f90606-0637-47ab-b889-5b3be28e8283,2025-10-13,5350,168,191.78,1205.64,13,15.91,6.29,0.03,1.14,0.08
5a627e84-3321-4891-926f-57aa4ca41d04,86586eca-512a-4863-9fdb-f267e9802eda,2025-05-15,8923,174,248.48,1139.95,11,21.8,4.59,0.02,1.42,0.07
5aa6c859-c56d-402f-ab71-2b0bf83b1ac7,86586eca-512a-4863-9fdb-f267e9802eda,2025-06-03,6591,234,262.65,1310.31,16,20.04,4.99,0.04,1.12,0.07
5b19cb27-ab5a-40c4-822b-2e233c620db2,86586eca-512a-4863-9fdb-f267e9802eda,2025-07-02,10632,269,288.45,1909.53,19,15.11,6.62,0.03,1.07,0.07
5c84ddae-b4b0-4213-88d5-0d50e6b017d6,05f90606-0637-47ab-b889-5b3be28e8283,2025-11-26,8223,287,428.01,2981.55,29,14.36,6.97,0.03,1.49,0.1
5cb6a860-3e4d-45ba-9af8-1358da3f663a,dbba83e3-d6c0-4ddd-96bc-ce60e609efea,2025-09-12,8104,278,443.14,2500.01,20,17.73,5.64,0.03,1.59,0.07
5cf19bac-7223-4a59-b5b4-169497a68cf1,86586eca-512a-4863-9fdb-f267e9802eda,2025-06-29,4713,173,199.2,1270.17,12,15.68,6.38,0.04,1.15,0.07
5e89f908-a32e-41de-9395-0e4d54941c93,8dae7e2b-a901-4f34-8600-71ceb1a53b2b,2025-11-27,4489,145,180.22,1092.75,15,16.49,6.06,0.03,1.24,0.11
5e8bc704-af4e-4bbe-adb9-47579a3d7a19,05f90606-0637-47ab-b889-5b3be28e8283,2025-11-13,22513,403,403.25,4442.56,37,9.08,11.02,0.02,1.0,0.09
5e9e6ecf-750e-4435-9f05-6e2a42b8fe5f,a35aa2e5-045c-467a-ac4e-005db59dec19,2025-02-12,7171,142,214.82,844.9,7,25.43,3.93,0.02,1.51,0.05
5f36c364-272e-4483-bf76-c67b1fe34139,05f90606-0637-47ab-b889-5b3be28e8283,2025-11-03,8461,198,178.88,1717.22,17,10.42,9.6,0.02,0.9,0.09
5f9fce08-da5f-4984-84a2-9c57b331ef9b,8dae7e2b-a901-4f34-8600-71ceb1a53b2b,2026-01-27,8503,267,328.43,3067.69,32,10.71,9.34,0.03,1.23,0.12
601ae5fa-51cb-4b94-a722-6c192fa94bbc,dbba83e3-d6c0-4ddd-96bc-ce60e609efea,2025-09-14,29738,568,540.12,4561.29,44,11.84,8.44,0.02,0.95,0.08
6303cf3f-8fa6-426a-8dae-1bc6b1f1595b,dbba83e3-d6c0-4ddd-96bc-ce60e609efea,2025-08-31,14827,301,298.27,1622.84,25,18.38,5.44,0.02,0.99,0.09
63680316-735e-497a-969c-1033b729bfd2,86586eca-512a-4863-9fdb-f267e9802eda,2025-05-20,4812,154,132.53,828.94,12,15.99,6.25,0.03,0.86,0.08
63beb575-b422-4a31-9079-5ccab59a0f0a,dbba83e3-d6c0-4ddd-96bc-ce60e609efea,2025-08-12,7097,203,296.74,2340.37,17,12.68,7.89,0.03,1.46,0.09
63df1b01-102d-49f3-bd10-04ea98dcd136,05f90606-0637-47ab-b889-5b3be28e8283,2025-09-27,8367,323,472.46,3083.4,31,15.32,6.53,0.04,1.46,0.1
642e777b-255b-44a3-8e5f-14ee094c8321,dbba83e3-d6c0-4ddd-96bc-ce60e609efea,2025-08-28,7282,284,306.97,2469.26,23,12.43,8.04,0.04,1.08,0.08
64b7ecd9-0a2e-48c8-a1a2-528e122857f7,05f90606-0637-47ab-b889-5b3be28e8283,2025-09-22,10445,352,352.58,3652.2,30,9.65,10.36,0.03,1.0,0.09
65664a6b-cb17-4f4f-b0c4-7a92a546a5d8,dbba83e3-d6c0-4ddd-96bc-ce60e609efea,2025-09-06,13589,265,408.32,1649.67,20,24.75,4.04,0.02,1.54,0.08
657aaec5-6990-4535-893e-d3549810fde5,a35aa2e5-045c-467a-ac4e-005db59dec19,2025-03-04,8174,197,207.54,780.77,11,26.58,3.76,0.02,1.05,0.06
657e018c-1834-49d1-a666-23e8463f3472,05f90606-0637-47ab-b889-5b3be28e8283,2025-09-19,13846,270,305.85,3069.05,23,9.97,10.03,0.02,1.13,0.09
65be9681-f26c-4c8e-95c9-7ca02bd6a2d6,8dae7e2b-a901-4f34-8600-71ceb1a53b2b,2025-12-20,6619,186,274.03,1120.41,17,24.46,4.09,0.03,1.47,0.09
66decf7c-784d-4e1c-9536-f23259519dea,a35aa2e5-045c-467a-ac4e-005db59dec19,2025-04-16,3426,123,171.03,382.73,6,44.69,2.24,0.04,1.38,0.06
66ee1ba6-b383-4c12-b368-27f2fd35ea9c,86586eca-512a-4863-9fdb-f267e9802eda,2025-05-01,7283,118,145.95,588.47,8,24.8,4.03,0.02,1.23,0.07
67ecc005-9875-4954-afda-2ba14f73ae82,dbba83e3-d6c0-4ddd-96bc-ce60e609efea,2025-07-12,12830,349,436.68,1601.14,25,27.27,3.67,0.03,1.25,0.07
67fbb923-08f1-4ae8-a809-d53e811833dd,a35aa2e5-045c-467a-ac4e-005db59dec19,2025-03-23,7641,298,360.82,1451.9,19,24.85,4.02,0.04,1.21,0.07
6855dacb-dec0-401a-93cc-febd16bdbed2,dbba83e3-d6c0-4ddd-96bc-ce60e609efea,2025-08-18,13436,305,329.78,3212.18,26,10.27,9.74,0.02,1.08,0.09
687665a3-d166-4533-9c57-7006ec8748d6,dbba83e3-d6c0-4ddd-96bc-ce60e609efea,2025-08-15,13875,469,403.56,2683.27,37,15.04,6.65,0.03,0.86,0.08
68df1cf4-8247-46be-b14d-2fdd6d88da88,05f90606-0637-47ab-b889-5b3be28e8283,2025-11-23,8989,267,377.41,1925.33,21,19.6,5.1,0.03,1.41,0.08
68f0e531-e556-43ea-a541-a024286ae345,8dae7e2b-a901-4f34-8600-71ceb1a53b2b,2026-01-08,14710,356,398.96,5011.27,37,7.96,12.56,0.02,1.12,0.11
697e6fb3-3927-41d0-a4a7-3680fafa9a5f,86586eca-512a-4863-9fdb-f267e9802eda,2025-05-21,8970,183,161.21,1345.06,11,11.99,8.34,0.02,0.88,0.06
698ec53a-f6b8-4f42-b7e5-c35d22225c16,8dae7e2b-a901-4f34-8600-71ceb1a53b2b,2026-02-04,13589,265,414.38,2199.79,26,18.84,5.31,0.02,1.56,0.1
69b24655-8c9b-4838-8368-b5b65d9b8bd8,05f90606-0637-47ab-b889-5b3be28e8283,2025-10-03,12103,328,332.06,2435.09,30,13.64,7.33,0.03,1.01,0.09
6b737cda-65d6-4c85-ac6c-cd0fde7887a2,86586eca-512a-4863-9fdb-f267e9802eda,2025-05-18,4071,149,211.32,973.04,10,21.72,4.6,0.04,1.41,0.07
6c297364-621e-481a-82b6-7051475b6446,a35aa2e5-045c-467a-ac4e-005db59dec19,2025-02-26,9230,180,173.54,1391.06,12,12.48,8.02,0.02,0.96,0.07
6da4ed18-7db9-4c56-bbac-045eca341b5f,a35aa2e5-045c-467a-ac4e-005db59dec19,2025-03-10,6666,172,226.15,891.79,12,25.36,3.94,0.03,1.31,0.07
6dbd7571-91e0-43ad-bd61-78ef09ce5bce,05f90606-0637-47ab-b889-5b3be28e8283,2025-10-31,16035,457,366.12,4621.45,43,7.92,12.62,0.03,0.8,0.1
6e8a2590-8830-4ffd-b12d-2b78d643045e,05f90606-0637-47ab-b889-5b3be28e8283,2025-09-25,16737,313,400.77,2170.08,26,18.47,5.41,0.02,1.28,0.09
6ee16810-e267-4e81-8727-1aa3356476f2,dbba83e3-d6c0-4ddd-96bc-ce60e609efea,2025-07-04,5300,150,233.15,991.03,11,23.53,4.25,0.03,1.55,0.08
6f0645a8-e841-40ee-a0dc-def07863a6f8,a35aa2e5-045c-467a-ac4e-005db59dec19,2025-03-08,3618,110,164.46,638.91,7,25.74,3.88,0.03,1.49,0.07
73836cca-12e6-4a64-9675-c7fc1b9f832e,8dae7e2b-a901-4f34-8600-71ceb1a53b2b,2026-01-04,8173,282,401.24,2640.35,26,15.2,6.58,0.03,1.42,0.09
74526332-8429-4ad5-ae68-3510867f109c,8dae7e2b-a901-4f34-8600-71ceb1a53b2b,2026-01-10,13561,396,428.63,2650.79,37,16.17,6.18,0.03,1.08,0.09
749ca988-9950-4982-8242-a9411deb5df4,a35aa2e5-045c-467a-ac4e-005db59dec19,2025-04-13,8206,183,275.52,918.42,10,30.0,3.33,0.02,1.5,0.06
74a8b62b-3e6e-475f-b3be-5c1cbb12106c,8dae7e2b-a901-4f34-8600-71ceb1a53b2b,2025-12-13,19087,544,533.68,3849.69,58,13.86,7.21,0.03,0.98,0.11
7553da18-d2e6-46da-a0fc-42aaed8c2cda,05f90606-0637-47ab-b889-5b3be28e8283,2025-11-06,13063,307,257.93,3402.41,25,7.58,13.19,0.02,0.84,0.08
779007c0-e2c2-4912-9659-e62ba515f2c6,8dae7e2b-a901-4f34-8600-71ceb1a53b2b,2025-11-29,13243,294,327.33,3640.61,33,8.99,11.12,0.02,1.11,0.12
77d06b86-eb3c-4edd-be78-d658d7b35401,8dae7e2b-a901-4f34-8600-71ceb1a53b2b,2025-12-02,7155,161,225.75,1768.01,15,12.77,7.83,0.02,1.4,0.1
78446441-bdd3-4488-8fbc-f8543df8c714,05f90606-0637-47ab-b889-5b3be28e8283,2025-10-28,14457,360,324.89,3048.97,39,10.66,9.38,0.02,0.9,0.11
790fbdbd-a885-4c88-9fa6-1d81aba1cc5f,dbba83e3-d6c0-4ddd-96bc-ce60e609efea,2025-08-08,4760,169,264.54,1068.89,14,24.75,4.04,0.04,1.56,0.09
793c8912-130f-4451-b3bb-e92e75e043d0,a35aa2e5-045c-467a-ac4e-005db59dec19,2025-03-18,4054,148,154.52,477.02,7,32.39,3.09,0.04,1.04,0.05
7941d1ca-27f6-4c8f-82de-b6a1aee751e9,8dae7e2b-a901-4f34-8600-71ceb1a53b2b,2026-01-07,16551,432,414.97,5435.58,43,7.63,13.1,0.03,0.96,0.1
79524573-3377-4d73-9440-0ffd7351f141,a35aa2e5-045c-467a-ac4e-005db59dec19,2025-03-22,15294,260,318.0,1273.55,13,24.97,4.0,0.02,1.22,0.05
7aa9bbd4-b53e-4946-a267-b52ea1f21aea,8dae7e2b-a901-4f34-8600-71ceb1a53b2b,2025-12-11,5503,164,182.44,2021.0,17,9.03,11.08,0.03,1.11,0.1
7b1364e0-0e05-4875-bcc8-6fb1463da482,8dae7e2b-a901-4f34-8600-71ceb1a53b2b,2025-12-14,20516,437,498.78,3917.6,44,12.73,7.85,0.02,1.14,0.1
7b608227-822a-4815-b779-55b4dcfeff98,dbba83e3-d6c0-4ddd-96bc-ce60e609efea,2025-07-17,6057,232,357.71,1457.83,18,24.54,4.08,0.04,1.54,0.08
7cad2dad-574b-4ef2-a943-d558f336e7f5,8dae7e2b-a901-4f34-8600-71ceb1a53b2b,2025-12-23,22556,397,329.65,2390.14,38,13.79,7.25,0.02,0.83,0.1
7d6d1d41-33f8-4138-ba63-ac144fffe1a4,86586eca-512a-4863-9fdb-f267e9802eda,2025-06-30,17237,312,391.23,2007.84,27,19.49,5.13,0.02,1.25,0.09
7e713c9a-0c76-4781-b6eb-8762f29110dc,8dae7e2b-a901-4f34-8600-71ceb1a53b2b,2026-02-01,7441,256,382.56,2385.61,23,16.04,6.24,0.03,1.49,0.09
7e87c497-77ff-4764-960a-8245f46640ee,dbba83e3-d6c0-4ddd-96bc-ce60e609efea,2025-09-04,6395,236,205.91,1361.54,19,15.12,6.61,0.04,0.87,0.08
7ee979ba-6c2a-468f-9122-bfb0a792c352,05f90606-0637-47ab-b889-5b3be28e8283,2025-10-21,11717,382,462.64,3879.99,37,11.92,8.39,0.03,1.21,0.1
7eff93c4-a45d-4b0b-a2a5-e70d63f408cc,a35aa2e5-045c-467a-ac4e-005db59dec19,2025-03-20,12974,205,232.16,1251.71,10,18.55,5.39,0.02,1.13,0.05
7f035dd5-4144-472e-aadf-407e50723e29,8dae7e2b-a901-4f34-8600-71ceb1a53b2b,2026-02-07,10084,240,372.64,1672.02,24,22.29,4.49,0.02,1.55,0.1
7f930ed7-5cb2-42f4-98b8-a3ede3412d3f,86586eca-512a-4863-9fdb-f267e9802eda,2025-05-04,9615,250,391.27,1838.03,19,21.29,4.7,0.03,1.56,0.08
80495aac-14c2-45f0-9167-96e8de257faa,dbba83e3-d6c0-4ddd-96bc-ce60e609efea,2025-07-29,11812,189,260.09,1846.36,19,14.09,7.1,0.02,1.37,0.1
815d27cb-ac8e-44e5-aa11-a6680bd73bd1,8dae7e2b-a901-4f34-8600-71ceb1a53b2b,2025-12-17,8383,223,234.27,2132.01,20,10.99,9.1,0.03,1.05,0.09
825255ad-6995-40f6-9164-8d76f8bf11fa,05f90606-0637-47ab-b889-5b3be28e8283,2025-10-26,17325,596,572.33,5654.1,61,10.12,9.88,0.03,0.96,0.1
82ab6240-b8d1-476b-ab4b-23c000a4dcdc,86586eca-512a-4863-9fdb-f267e9802eda,2025-06-10,11830,181,173.97,919.74,11,18.92,5.29,0.02,0.96,0.06
83b84112-6b5a-4ba6-9d5e-d0b8e6b26bc2,8dae7e2b-a901-4f34-8600-71ceb1a53b2b,2025-12-01,20397,308,489.72,2906.84,27,16.85,5.94,0.02,1.59,0.09
863c2377-b72e-4b0e-8874-ede90ded841e,8dae7e2b-a901-4f34-8600-71ceb1a53b2b,2026-01-09,8149,185,245.33,1615.05,19,15.19,6.58,0.02,1.32,0.1
86e3a197-8dbe-42fb-b55d-196bbe9886fa,05f90606-0637-47ab-b889-5b3be28e8283,2025-10-24,9878,244,322.57,1974.52,21,16.34,6.12,0.02,1.32,0.09
8713603d-1ad3-4a18-9b44-ffcf1c279541,05f90606-0637-47ab-b889-5b3be28e8283,2025-10-20,6514,243,341.46,1345.99,21,25.37,3.94,0.04,1.4,0.09
87997b58-3b15-4c14-ae68-545604181291,86586eca-512a-4863-9fdb-f267e9802eda,2025-06-01,16398,428,441.6,3932.2,33,11.23,8.9,0.03,1.03,0.08
87efdf95-3000-4624-965e-08baa4a4351d,86586eca-512a-4863-9fdb-f267e9802eda,2025-05-29,5105,193,209.15,900.3,13,23.23,4.3,0.04,1.08,0.07
88e83cfe-0c16-4a1f-9853-066d6d60f0ab,86586eca-512a-4863-9fdb-f267e9802eda,2025-06-08,8354,198,233.78,1790.45,13,13.06,7.66,0.02,1.18,0.07
8b329408-b3fd-44ee-9fb8-2e2765b91b71,86586eca-512a-4863-9fdb-f267e9802eda,2025-06-22,6640,249,364.07,1081.07,15,33.68,2.97,0.04,1.46,0.06
8c6f1fab-c63b-42f9-be25-4be72eda8993,a35aa2e5-045c-467a-ac4e-005db59dec19,2025-03-06,5818,199,293.54,810.85,10,36.2,2.76,0.03,1.47,0.05
8dd3f0ed-f2ef-4497-84e6-ce8be84209b6,dbba83e3-d6c0-4ddd-96bc-ce60e609efea,2025-08-21,5307,190,255.15,1366.0,15,18.68,5.35,0.04,1.34,0.08
8ddf3763-557a-4294-9ad3-280657ea53e2,05f90606-0637-47ab-b889-5b3be28e8283,2025-11-19,12755,287,307.64,3467.51,27,8.87,11.27,0.02,1.07,0.1
8e48030f-6c88-496c-bd42-3f69d12d9c96,dbba83e3-d6c0-4ddd-96bc-ce60e609efea,2025-07-07,11200,252,275.62,1392.77,22,19.79,5.05,0.02,1.09,0.09
8f977ad1-b4a5-43cb-b9e6-832c7b599259,05f90606-0637-47ab-b889-5b3be28e8283,2025-10-05,10748,359,431.01,2084.68,29,20.68,4.84,0.03,1.2,0.08
90936097-8959-4014-9205-2a39a5768f16,dbba83e3-d6c0-4ddd-96bc-ce60e609efea,2025-08-13,17151,283,246.38,2569.39,24,9.59,10.43,0.02,0.87,0.09
91377681-d21e-4203-addb-07526b185a58,05f90606-0637-47ab-b889-5b3be28e8283,2025-10-27,13828,484,431.51,3247.62,53,13.29,7.53,0.04,0.89,0.11
9252fd7b-97c1-4461-a91a-425875e2eb69,05f90606-0637-47ab-b889-5b3be28e8283,2025-11-05,12433,281,278.33,2803.71,28,9.93,10.07,0.02,0.99,0.1
946c07e6-c3e0-40d0-93cf-05d00a28c0e2,a35aa2e5-045c-467a-ac4e-005db59dec19,2025-04-08,6520,208,312.88,1649.95,13,18.96,5.27,0.03,1.5,0.06
950843cd-2b8f-44e3-8e24-80e1a9c5da5e,05f90606-0637-47ab-b889-5b3be28e8283,2025-11-07,8542,252,288.39,1519.0,24,18.99,5.27,0.03,1.14,0.1
95610931-a284-47a9-b797-be6a06be082c,dbba83e3-d6c0-4ddd-96bc-ce60e609efea,2025-07-23,3657,143,147.39,735.74,12,20.03,4.99,0.04,1.03,0.09
96dd7166-7c4b-4590-a427-47012067ad53,dbba83e3-d6c0-4ddd-96bc-ce60e609efea,2025-07-18,7551,222,211.68,1478.94,18,14.31,6.99,0.03,0.95,0.08
97262358-f521-4c52-9986-eccbd73edfd1,86586eca-512a-4863-9fdb-f267e9802eda,2025-06-27,10476,198,311.85,1220.56,16,25.55,3.91,0.02,1.57,0.09
983ba772-c1eb-421c-8c17-d2d3bbbf43b1,8dae7e2b-a901-4f34-8600-71ceb1a53b2b,2026-01-30,12440,474,565.21,7647.62,59,7.39,13.53,0.04,1.19,0.13
9896f48c-5416-4080-934f-a4f750e3e32f,dbba83e3-d6c0-4ddd-96bc-ce60e609efea,2025-08-09,8984,230,295.12,2320.06,19,12.72,7.86,0.03,1.28,0.09
98a1a2c5-e5a5-476a-8079-c0f70de3b651,05f90606-0637-47ab-b889-5b3be28e8283,2025-10-12,12068,210,204.19,1377.3,16,14.83,6.75,0.02,0.97,0.08
9978d34d-7a8b-41e3-b07f-9df546f14cd1,a35aa2e5-045c-467a-ac4e-005db59dec19,2025-04-07,6846,152,146.48,784.45,9,18.67,5.36,0.02,0.96,0.06
9b38996c-670b-4dc1-b86a-2930197357c0,a35aa2e5-045c-467a-ac4e-005db59dec19,2025-04-15,8249,212,223.53,1294.23,10,17.27,5.79,0.03,1.05,0.05
9bd4287a-d4c2-496b-8e35-35593640f04a,dbba83e3-d6c0-4ddd-96bc-ce60e609efea,2025-09-11,7671,168,161.77,1039.35,11,15.56,6.42,0.02,0.96,0.07
9cdcd565-8ba9-49f8-a108-fa0435ef93a8,05f90606-0637-47ab-b889-5b3be28e8283,2025-09-26,5508,157,240.24,1217.16,16,19.74,5.07,0.03,1.53,0.11
9d7cead0-a4ae-4930-94d8-648b0a7b8e76,8dae7e2b-a901-4f34-8600-71ceb1a53b2b,2025-12-03,10733,161,216.86,1120.11,15,19.36,5.17,0.02,1.34,0.1
9d9a8276-fc96-41fc-89fd-a8558716e77a,86586eca-512a-4863-9fdb-f267e9802eda,2025-07-03,9806,253,341.91,1957.65,15,17.47,5.73,0.03,1.35,0.06
a1fc1a72-03d0-454e-8382-1e6de269b219,8dae7e2b-a901-4f34-8600-71ceb1a53b2b,2025-12-24,19726,361,469.87,3471.61,33,13.53,7.39,0.02,1.3,0.09
a31a63db-cb58-4e4a-82bd-8043b5fe9dbe,dbba83e3-d6c0-4ddd-96bc-ce60e609efea,2025-08-10,26424,473,402.65,4762.99,36,8.45,11.83,0.02,0.85,0.08
a3428d36-2e7b-479b-992c-7873e41fa120,86586eca-512a-4863-9fdb-f267e9802eda,2025-04-23,4955,166,209.99,649.94,10,32.31,3.1,0.03,1.26,0.06
a39559f5-c07b-4015-a434-fef119ef7e71,8dae7e2b-a901-4f34-8600-71ceb1a53b2b,2026-01-02,10462,181,255.4,1834.77,17,13.92,7.18,0.02,1.41,0.1
a402575e-639e-4090-ac52-66ef226b5401,a35aa2e5-045c-467a-ac4e-005db59dec19,2025-02-27,4444,100,140.59,428.13,7,32.84,3.05,0.02,1.4,0.07
a4eb1617-ea0c-41b8-95be-311352d3a337,dbba83e3-d6c0-4ddd-96bc-ce60e609efea,2025-09-01,5241,163,259.21,1472.84,11,17.6,5.68,0.03,1.59,0.07
a6167f84-ddeb-4211-906f-f5aa576d1d7d,86586eca-512a-4863-9fdb-f267e9802eda,2025-06-06,12206,260,283.77,1813.8,17,15.65,6.39,0.02,1.09,0.07
a6d5e5fa-cc41-421e-bad9-ad2f3f39cca5,86586eca-512a-4863-9fdb-f267e9802eda,2025-05-30,8542,293,281.41,2823.28,26,9.97,10.03,0.03,0.96,0.09
a6e542b5-eb8a-4af3-aa05-62c3eb8e1f62,8dae7e2b-a901-4f34-8600-71ceb1a53b2b,2025-12-30,9100,364,495.69,4022.89,42,12.32,8.12,0.04,1.36,0.12
a70addb3-2984-45cb-b5df-3c08f396c6c7,a35aa2e5-045c-467a-ac4e-005db59dec19,2025-02-17,6184,94,115.76,470.37,5,24.61,4.06,0.02,1.22,0.06
a7cba078-3ce4-459b-8986-49caeb190ecc,86586eca-512a-4863-9fdb-f267e9802eda,2025-06-17,8042,263,377.28,2125.65,18,17.75,5.63,0.03,1.43,0.07
a80be1cf-2fb1-4cfa-99fe-0cf74b4da541,dbba83e3-d6c0-4ddd-96bc-ce60e609efea,2025-09-03,13900,417,355.22,2747.21,34,12.93,7.73,0.03,0.85,0.08
a8bc0453-6470-4879-9bb0-23b0e5cf8a93,86586eca-512a-4863-9fdb-f267e9802eda,2025-05-11,7037,228,329.48,1656.14,16,19.89,5.03,0.03,1.44,0.07
a8cf5081-fa17-4bac-b5a0-a1a3acd43dc4,05f90606-0637-47ab-b889-5b3be28e8283,2025-10-15,5361,200,258.42,1682.39,16,15.36,6.51,0.04,1.29,0.08
a925d100-59a5-4a2d-8cf5-23e40408dbff,05f90606-0637-47ab-b889-5b3be28e8283,2025-10-19,14400,468,538.77,3997.9,43,13.48,7.42,0.03,1.15,0.09
a9b23e6b-53c6-42b9-96d2-d05151603c3c,8dae7e2b-a901-4f34-8600-71ceb1a53b2b,2025-12-04,8293,243,226.22,2638.47,25,8.57,11.66,0.03,0.93,0.11
a9d53374-ecea-4d59-8eff-6362015792f0,86586eca-512a-4863-9fdb-f267e9802eda,2025-05-02,6411,243,333.21,1730.06,14,19.26,5.19,0.04,1.37,0.06
a9de668f-3a16-4ca7-8063-e1a764471b2b,86586eca-512a-4863-9fdb-f267e9802eda,2025-05-07,2475,99,140.61,563.68,6,24.94,4.01,0.04,1.42,0.07
aa3faf1d-5a64-4b7e-9da7-c2cce405f655,8dae7e2b-a901-4f34-8600-71ceb1a53b2b,2025-12-12,15586,332,528.74,2149.28,30,24.6,4.06,0.02,1.59,0.09
ab162320-2504-412d-ac65-1a0cf22567b3,86586eca-512a-4863-9fdb-f267e9802eda,2025-06-16,4571,144,180.93,825.66,10,21.91,4.56,0.03,1.25,0.07
addc2f31-823a-4a22-9548-614b973c04fc,a35aa2e5-045c-467a-ac4e-005db59dec19,2025-03-13,2629,86,128.39,526.88,4,24.37,4.1,0.03,1.48,0.05
adf4fe97-f9f3-4a91-bc75-b56be2df6f76,86586eca-512a-4863-9fdb-f267e9802eda,2025-05-06,10697,230,248.95,1854.12,15,13.43,7.45,0.02,1.08,0.07
ae4d3b7e-d1ed-464d-8723-c45daab8dd81,8dae7e2b-a901-4f34-8600-71ceb1a53b2b,2026-02-02,19854,544,440.95,5660.95,58,7.79,12.84,0.03,0.81,0.11
aeadb238-3f50-4eab-aa6b-e4e544834077,86586eca-512a-4863-9fdb-f267e9802eda,2025-04-27,7801,220,295.85,2339.2,19,12.65,7.91,0.03,1.34,0.09
af4e0d7f-e12c-4655-857c-5f62945bf5b6,8dae7e2b-a901-4f34-8600-71ceb1a53b2b,2025-12-05,5514,134,195.35,1700.15,13,11.49,8.7,0.02,1.45,0.1
b01a5814-fa29-4199-8215-33b170da30cf,05f90606-0637-47ab-b889-5b3be28e8283,2025-11-04,5306,173,222.6,2038.68,17,10.92,9.16,0.03,1.28,0.1
b05695bd-02dd-4520-b6b7-cefc44149901,86586eca-512a-4863-9fdb-f267e9802eda,2025-05-14,6656,217,299.54,1357.86,13,22.06,4.53,0.03,1.38,0.06
b0852432-e03e-42d2-afb9-ce057734e76d,a35aa2e5-045c-467a-ac4e-005db59dec19,2025-03-02,12893,205,273.56,1386.96,11,19.72,5.07,0.02,1.33,0.06
b0c168b9-0c35-4e5e-ab68-211815b09986,a35aa2e5-045c-467a-ac4e-005db59dec19,2025-02-19,6886,146,179.96,814.67,8,22.09,4.53,0.02,1.23,0.06
b12bb2e2-4125-464e-b40c-67aeacdca52f,dbba83e3-d6c0-4ddd-96bc-ce60e609efea,2025-07-08,6311,154,242.68,1373.73,11,17.67,5.66,0.02,1.57,0.08
b1dbc023-b94d-4754-85c5-858691a36f77,05f90606-0637-47ab-b889-5b3be28e8283,2025-11-08,21534,435,357.45,2856.49,39,12.51,7.99,0.02,0.82,0.09
b2327a36-5779-4ec3-83b7-4316744ba880,dbba83e3-d6c0-4ddd-96bc-ce60e609efea,2025-08-25,14323,328,440.33,3263.51,26,13.49,7.41,0.02,1.34,0.08
b2de361c-d412-4759-8df6-12ecb664278c,86586eca-512a-4863-9fdb-f267e9802eda,2025-05-13,5330,113,180.08,747.77,8,24.08,4.15,0.02,1.59,0.08
b33ce7b8-b257-4978-951f-cb79f1754338,86586eca-512a-4863-9fdb-f267e9802eda,2025-04-22,9944,178,190.53,1610.61,13,11.83,8.45,0.02,1.07,0.08
b33ebcc9-c263-4386-b300-7bfd743f84d8,86586eca-512a-4863-9fdb-f267e9802eda,2025-06-11,10508,186,250.12,1231.46,13,20.31,4.92,0.02,1.34,0.07
b35d34f2-8be9-40a2-aa2b-8d1bdfb45a50,dbba83e3-d6c0-4ddd-96bc-ce60e609efea,2025-07-30,8675,203,296.53,2258.25,20,13.13,7.62,0.02,1.46,0.1
b37cff42-09f8-4ee9-9780-e2d0d7c868a4,dbba83e3-d6c0-4ddd-96bc-ce60e609efea,2025-07-10,6910,255,245.27,2221.27,18,11.04,9.06,0.04,0.96,0.07
b3998da5-3079-406d-8deb-17f157599e55,05f90606-0637-47ab-b889-5b3be28e8283,2025-10-14,17037,276,279.63,1626.97,24,17.19,5.82,0.02,1.01,0.09
b415dad7-7218-4e7d-91c7-196ba2d34c67,a35aa2e5-045c-467a-ac4e-005db59dec19,2025-03-25,5633,160,131.49,642.49,9,20.47,4.89,0.03,0.82,0.06
b43a1651-3ef7-4e50-b3b9-4cc377b021e3,a35aa2e5-045c-467a-ac4e-005db59dec19,2025-03-09,12372,266,280.3,2025.19,17,13.84,7.23,0.02,1.05,0.07
b44e188b-4f33-4e14-95e9-b4fb2753e44e,dbba83e3-d6c0-4ddd-96bc-ce60e609efea,2025-08-11,8875,292,435.45,2048.38,21,21.26,4.7,0.03,1.49,0.07
b463677d-32c8-432e-8425-3be1e3e46d24,a35aa2e5-045c-467a-ac4e-005db59dec19,2025-02-11,7907,189,157.21,1703.06,13,9.23,10.83,0.02,0.83,0.07
b8dffeb4-735d-4a9a-b484-82c4a648637a,dbba83e3-d6c0-4ddd-96bc-ce60e609efea,2025-07-31,12668,394,331.44,3195.17,37,10.37,9.64,0.03,0.84,0.09
b95834cb-e747-4e63-94a4-39eec292a13f,8dae7e2b-a901-4f34-8600-71ceb1a53b2b,2026-01-29,21142,518,544.12,3686.88,58,14.76,6.78,0.02,1.05,0.11
ba9c1fd1-4049-4b80-b199-6686c8064b1b,dbba83e3-d6c0-4ddd-96bc-ce60e609efea,2025-07-09,8157,301,398.44,2217.82,25,17.97,5.57,0.04,1.32,0.09
bbfb762e-af44-4148-bc2d-6ff829072947,a35aa2e5-045c-467a-ac4e-005db59dec19,2025-04-05,10000,234,273.88,1050.15,15,26.08,3.83,0.02,1.17,0.07
bcd8b88d-73aa-422c-b4aa-218623ad881e,a35aa2e5-045c-467a-ac4e-005db59dec19,2025-04-11,6312,190,254.86,1452.5,12,17.55,5.7,0.03,1.34,0.07
bf51e69a-4e85-4c58-83b9-4010d3d4a47e,05f90606-0637-47ab-b889-5b3be28e8283,2025-10-01,6598,258,408.1,2663.0,25,15.32,6.53,0.04,1.58,0.1
c18cc346-5c1a-46ca-9672-fbd6698c601c,05f90606-0637-47ab-b889-5b3be28e8283,2025-10-29,9554,343,299.03,3926.97,35,7.61,13.13,0.04,0.87,0.1
c1d2a717-5f26-4269-8b2b-a958461ca65f,8dae7e2b-a901-4f34-8600-71ceb1a53b2b,2026-01-15,10689,310,344.15,4336.66,33,7.94,12.6,0.03,1.11,0.11
c1ec0eab-7c23-4df3-ac71-6f58a45e15da,a35aa2e5-045c-467a-ac4e-005db59dec19,2025-02-13,9953,216,227.37,1192.32,11,19.07,5.24,0.02,1.05,0.05
c35b510b-c298-4cdf-87fb-08fc84c84317,05f90606-0637-47ab-b889-5b3be28e8283,2025-11-01,10223,366,381.37,4553.47,36,8.38,11.94,0.04,1.04,0.1
c410f299-0fb2-48ec-bee5-92e21fc9a5a6,86586eca-512a-4863-9fdb-f267e9802eda,2025-05-31,10753,428,415.8,3457.73,31,12.03,8.32,0.04,0.97,0.07
c51bbb5c-5de4-4f83-ac7b-7ab390f4be2b,05f90606-0637-47ab-b889-5b3be28e8283,2025-11-14,11273,177,209.18,1172.7,16,17.84,5.61,0.02,1.18,0.09
c61f406c-0b00-438a-9a35-83ef65a5b6dd,8dae7e2b-a901-4f34-8600-71ceb1a53b2b,2026-01-19,13140,318,357.1,3380.02,32,10.57,9.47,0.02,1.12,0.1
c68d5b0f-5faa-4d3a-b189-cc83641b0f21,86586eca-512a-4863-9fdb-f267e9802eda,2025-05-03,6906,163,244.83,1215.26,10,20.15,4.96,0.02,1.5,0.07
c6f2081c-5ef2-47c1-839d-ba319995206d,8dae7e2b-a901-4f34-8600-71ceb1a53b2b,2025-12-18,7947,182,206.47,1732.17,17,11.92,8.39,0.02,1.13,0.09
c7094bad-6bc3-424f-8334-640a655cc41d,8dae7e2b-a901-4f34-8600-71ceb1a53b2b,2026-01-24,22841,418,561.36,4494.27,41,12.49,8.01,0.02,1.34,0.1
c7f2f24d-3b28-4b6d-975c-804b1d35b1a0,86586eca-512a-4863-9fdb-f267e9802eda,2025-06-04,9523,200,178.6,1334.76,12,13.38,7.47,0.02,0.89,0.06
c826ff53-35b1-47fa-b4c5-60ff37485093,dbba83e3-d6c0-4ddd-96bc-ce60e609efea,2025-07-21,14869,342,277.62,2877.31,30,9.65,10.36,0.02,0.81,0.09
c89f1f82-fbfc-4cb0-997b-a8a28a80888e,dbba83e3-d6c0-4ddd-96bc-ce60e609efea,2025-07-16,4773,137,182.57,1158.8,11,15.75,6.35,0.03,1.33,0.08
ca07eea0-f65b-48d2-b205-83f5f1ff263c,05f90606-0637-47ab-b889-5b3be28e8283,2025-09-20,8284,314,477.91,3493.27,27,13.68,7.31,0.04,1.52,0.09
ca5612a4-91a9-42bb-b380-12166a932104,dbba83e3-d6c0-4ddd-96bc-ce60e609efea,2025-09-10,8089,309,371.15,2160.46,27,17.18,5.82,0.04,1.2,0.09
cb407a86-e969-48e3-94f9-05c201e57920,a35aa2e5-045c-467a-ac4e-005db59dec19,2025-04-14,6042,229,287.15,1864.27,14,15.4,6.49,0.04,1.25,0.06
cb58ba61-dded-4c8b-accb-b8a57132f889,8dae7e2b-a901-4f34-8600-71ceb1a53b2b,2025-12-15,11485,201,283.82,1975.01,20,14.37,6.96,0.02,1.41,0.1
cc6b8a24-559f-4699-9f15-49ff69bfe7dd,8dae7e2b-a901-4f34-8600-71ceb1a53b2b,2025-12-06,13403,256,366.9,3620.49,26,10.13,9.87,0.02,1.43,0.1
ccd4127e-0f12-48c3-baf6-872aca4e58df,8dae7e2b-a901-4f34-8600-71ceb1a53b2b,2025-12-31,10392,371,304.86,5039.34,42,6.05,16.53,0.04,0.82,0.12
cd0899ed-3bea-4239-82db-97098cce65ed,05f90606-0637-47ab-b889-5b3be28e8283,2025-11-12,12624,279,313.19,2420.35,25,12.94,7.73,0.02,1.12,0.09
cdc170e5-d3cc-4293-8e6e-c03442137934,86586eca-512a-4863-9fdb-f267e9802eda,2025-06-26,16078,328,301.9,3192.59,29,9.46,10.58,0.02,0.92,0.09
cded9aa3-0967-4493-ab86-664edb9490e3,8dae7e2b-a901-4f34-8600-71ceb1a53b2b,2025-12-29,40387,626,532.13,9091.43,77,5.85,17.09,0.02,0.85,0.12
ce1e1fc7-6df8-420a-9670-c270d07c11cc,8dae7e2b-a901-4f34-8600-71ceb1a53b2b,2026-01-12,5899,223,238.91,2191.22,22,10.9,9.17,0.04,1.07,0.1
ce217405-c91e-4740-8267-e44448c02e9f,dbba83e3-d6c0-4ddd-96bc-ce60e609efea,2025-08-14,15638,441,379.7,4458.25,33,8.52,11.74,0.03,0.86,0.08
ce933ac8-336e-461e-ba45-b6c95878188e,86586eca-512a-4863-9fdb-f267e9802eda,2025-06-12,9847,322,334.93,1580.52,19,21.19,4.72,0.03,1.04,0.06
cf3335bd-7e52-4001-940b-21b2ffd31ca9,8dae7e2b-a901-4f34-8600-71ceb1a53b2b,2026-01-17,33576,507,421.49,5097.69,55,8.27,12.09,0.02,0.83,0.11
cf3e9b9f-67ca-4050-8b0c-c208af0db632,05f90606-0637-47ab-b889-5b3be28e8283,2025-10-18,11104,392,455.45,1934.07,31,23.55,4.25,0.04,1.16,0.08
d1ac10c2-65b8-4fe4-895a-dfc3a4296d70,86586eca-512a-4863-9fdb-f267e9802eda,2025-06-13,8191,299,380.2,2513.2,20,15.13,6.61,0.04,1.27,0.07
d31e3065-f31c-44a7-a686-2ff70169612b,a35aa2e5-045c-467a-ac4e-005db59dec19,2025-03-28,6748,110,162.56,551.24,6,29.49,3.39,0.02,1.47,0.06
d3923825-c452-43ba-a4a2-ec161c820a99,dbba83e3-d6c0-4ddd-96bc-ce60e609efea,2025-07-20,15341,247,332.17,1312.17,17,25.31,3.95,0.02,1.34,0.07
d3aaa4bf-4fef-4c19-930f-f0d13e2b8e41,05f90606-0637-47ab-b889-5b3be28e8283,2025-11-18,9861,284,395.39,1803.14,24,21.93,4.56,0.03,1.39,0.09
d4655079-4ffb-4f3d-961f-38094ade80a8,a35aa2e5-045c-467a-ac4e-005db59dec19,2025-02-18,3321,96,114.21,468.47,4,24.38,4.1,0.03,1.18,0.05
d489efe2-56d4-4290-ad74-efd650ed27af,86586eca-512a-4863-9fdb-f267e9802eda,2025-05-10,12706,277,246.69,2292.4,17,10.76,9.29,0.02,0.89,0.06
d4e3fcb5-2c1c-4b29-9821-e98edf0bbcfd,a35aa2e5-045c-467a-ac4e-005db59dec19,2025-04-02,7688,163,202.32,1176.27,11,17.2,5.81,0.02,1.24,0.07
d60f0897-0b71-4986-a21b-16f8795f5d57,dbba83e3-d6c0-4ddd-96bc-ce60e609efea,2025-08-24,4263,165,197.14,971.88,14,20.28,4.93,0.04,1.19,0.09
d61c8b3e-837d-4e52-9aea-7855e9af983e,a35aa2e5-045c-467a-ac4e-005db59dec19,2025-04-17,9534,307,323.07,2295.8,21,14.07,7.11,0.03,1.05,0.07
d6e92f61-ed1b-4c7d-85de-dbc90f94783e,a35aa2e5-045c-467a-ac4e-005db59dec19,2025-02-24,3240,117,116.29,576.87,8,20.16,4.96,0.04,0.99,0.07
d7305f01-340d-4321-a90c-9ffb33be50f6,a35aa2e5-045c-467a-ac4e-005db59dec19,2025-03-14,8862,148,126.33,1078.88,8,11.71,8.54,0.02,0.85,0.06
d778fa1b-2408-435b-b4dd-1d0557d7948f,05f90606-0637-47ab-b889-5b3be28e8283,2025-10-25,9827,341,546.85,2287.21,32,23.91,4.18,0.03,1.6,0.09
d86973f2-6c48-44b2-a437-5eb208d80d11,dbba83e3-d6c0-4ddd-96bc-ce60e609efea,2025-07-19,21773,442,491.14,4718.99,34,10.41,9.61,0.02,1.11,0.08
d99e5a3b-c40a-4839-8c47-2157aa5e8ee9,8dae7e2b-a901-4f34-8600-71ceb1a53b2b,2025-11-30,8267,210,220.95,2569.53,24,8.6,11.63,0.03,1.05,0.12
dbe9fed2-2fb8-495a-890d-340d8db8ae20,05f90606-0637-47ab-b889-5b3be28e8283,2025-09-28,14949,441,450.49,3101.05,42,14.53,6.88,0.03,1.02,0.1
dbeaf4ad-ee22-4d3d-9a4d-4f1b37ea8166,8dae7e2b-a901-4f34-8600-71ceb1a53b2b,2026-01-13,7142,120,190.62,1441.04,11,13.23,7.56,0.02,1.58,0.09
dc12cffd-cdd1-4cc1-b7e0-6a486b850f8e,05f90606-0637-47ab-b889-5b3be28e8283,2025-09-30,19905,420,462.78,2703.15,39,17.12,5.84,0.02,1.1,0.09
dcf2f20c-97c1-4a6b-8674-c4ffc39fe5e5,05f90606-0637-47ab-b889-5b3be28e8283,2025-11-20,12618,453,372.22,5180.34,41,7.19,13.92,0.04,0.82,0.09
dd66843c-2f30-450e-a23f-008c5479b320,8dae7e2b-a901-4f34-8600-71ceb1a53b2b,2026-01-25,19384,378,480.42,4314.01,37,11.14,8.98,0.02,1.27,0.1
de24058f-3dd1-46e0-9844-17345e5455e5,86586eca-512a-4863-9fdb-f267e9802eda,2025-05-24,7707,158,182.12,1670.85,12,10.9,9.17,0.02,1.15,0.08
de913bd0-9a79-4206-8e84-f01d882cf74c,dbba83e3-d6c0-4ddd-96bc-ce60e609efea,2025-08-29,10817,225,342.2,1799.3,18,19.02,5.26,0.02,1.52,0.08
df26e000-74cf-49bd-9f41-1ca2633042f8,8dae7e2b-a901-4f34-8600-71ceb1a53b2b,2026-01-14,30552,608,492.5,5837.75,55,8.44,11.85,0.02,0.81,0.09
e13c9f73-e625-4f22-9c74-9cf981a46e5e,86586eca-512a-4863-9fdb-f267e9802eda,2025-05-05,12065,222,326.95,1733.38,14,18.86,5.3,0.02,1.47,0.07
e14475e0-b95b-420c-91b8-70b8f5f378a1,86586eca-512a-4863-9fdb-f267e9802eda,2025-05-08,12051,235,233.5,2192.52,18,10.65,9.39,0.02,0.99,0.08
e1c4ccef-4292-4ca4-84bd-f01809b03940,8dae7e2b-a901-4f34-8600-71ceb1a53b2b,2025-12-09,19403,293,381.82,3562.49,30,10.72,9.33,0.02,1.3,0.1
e21d620b-47b5-403e-bd37-37c8230c233e,86586eca-512a-4863-9fdb-f267e9802eda,2025-05-27,10842,296,367.05,1835.28,24,20.0,5.0,0.03,1.24,0.08
e27014c4-ebd6-4f42-a11a-43597454ed47,dbba83e3-d6c0-4ddd-96bc-ce60e609efea,2025-08-16,17261,435,400.53,4199.06,36,9.54,10.48,0.03,0.92,0.08
e2d9db20-41a5-46e6-ace9-8bacfc851973,05f90606-0637-47ab-b889-5b3be28e8283,2025-09-17,11136,196,282.76,1398.82,19,20.21,4.95,0.02,1.44,0.1
e4a6897d-11ae-4a8a-a793-0791b1cb779b,86586eca-512a-4863-9fdb-f267e9802eda,2025-05-23,14487,339,377.29,2137.56,25,17.65,5.67,0.02,1.11,0.08
e5653e11-8d6c-4108-b84c-a61466c02b32,dbba83e3-d6c0-4ddd-96bc-ce60e609efea,2025-07-13,11761,374,513.4,2827.85,31,18.16,5.51,0.03,1.37,0.08
e6ad39a3-b200-4ee6-a29e-cc542591e9cc,a35aa2e5-045c-467a-ac4e-005db59dec19,2025-02-10,2962,104,152.54,480.93,5,31.72,3.15,0.04,1.46,0.06
e6fd5ec4-ba31-4a13-b268-38f6978927c0,a35aa2e5-045c-467a-ac4e-005db59dec19,2025-02-20,7219,161,207.35,608.29,9,34.09,2.93,0.02,1.28,0.06
e8611b03-6b5f-4bf6-943d-6d9c366752c6,86586eca-512a-4863-9fdb-f267e9802eda,2025-04-24,15355,281,228.23,2366.76,17,9.64,10.37,0.02,0.81,0.06
e921c1cf-5118-4aed-b2cb-b665f37dfdb2,05f90606-0637-47ab-b889-5b3be28e8283,2025-10-16,18700,374,382.32,1943.25,31,19.67,5.08,0.02,1.02,0.08
ea83493a-82c5-421e-8bf6-d9bca0ff84c9,86586eca-512a-4863-9fdb-f267e9802eda,2025-06-20,9825,281,391.8,1263.14,17,31.02,3.22,0.03,1.39,0.06
ea936847-bdc8-437d-bae1-c2fb5e24a052,05f90606-0637-47ab-b889-5b3be28e8283,2025-11-22,7746,165,253.37,1766.32,13,14.34,6.97,0.02,1.53,0.08
ec632ad8-7ae4-4951-a7c9-378dcc4d7f98,dbba83e3-d6c0-4ddd-96bc-ce60e609efea,2025-09-02,14611,282,437.61,2000.67,23,21.87,4.57,0.02,1.55,0.08
ed22fb2a-a0d6-4be6-b5fa-84a520272f05,05f90606-0637-47ab-b889-5b3be28e8283,2025-09-29,4791,184,243.68,1812.82,18,13.44,7.44,0.04,1.32,0.1
ed4debdc-03f9-4732-bf1d-98199fdb8e63,86586eca-512a-4863-9fdb-f267e9802eda,2025-04-25,10334,216,283.27,1871.91,14,15.13,6.61,0.02,1.31,0.07
ee2addf5-3236-40e9-b767-905d14ccc086,86586eca-512a-4863-9fdb-f267e9802eda,2025-05-19,10225,227,330.2,1789.75,15,18.45,5.42,0.02,1.45,0.07
ee4fa994-c78a-4f4e-8d57-2113c75caf2d,8dae7e2b-a901-4f34-8600-71ceb1a53b2b,2026-01-06,8733,324,427.81,3816.01,35,11.21,8.92,0.04,1.32,0.11
ef4f6097-4e83-45a0-85b7-36e98ab98804,a35aa2e5-045c-467a-ac4e-005db59dec19,2025-03-17,6383,143,217.52,589.35,9,36.91,2.71,0.02,1.52,0.06
ef5f03bb-4348-4c1e-95ee-e72e98197542,8dae7e2b-a901-4f34-8600-71ceb1a53b2b,2026-01-28,28975,594,565.1,5173.04,70,10.92,9.15,0.02,0.95,0.12
f0576db5-32b9-48b5-b403-39948db84ec1,8dae7e2b-a901-4f34-8600-71ceb1a53b2b,2026-01-26,10250,369,354.38,2914.31,46,12.16,8.22,0.04,0.96,0.13
f09c8cc3-45d9-443d-aafc-7b263aa200a4,a35aa2e5-045c-467a-ac4e-005db59dec19,2025-02-09,4459,165,199.12,725.74,9,27.44,3.64,0.04,1.2,0.06
f112db27-5026-49d1-9546-901990a535d0,86586eca-512a-4863-9fdb-f267e9802eda,2025-05-16,10278,258,339.05,1239.91,19,27.34,3.66,0.03,1.31,0.08
f17f40f2-e747-46da-8ff1-7d684812cf5f,05f90606-0637-47ab-b889-5b3be28e8283,2025-10-07,16177,419,419.18,4455.51,34,9.41,10.63,0.03,1.0,0.08
f1c5fb44-d89f-4cff-b18c-63e287935ec1,a35aa2e5-045c-467a-ac4e-005db59dec19,2025-04-04,5975,199,301.53,694.4,11,43.42,2.3,0.03,1.51,0.06
f316d56d-c3ac-42f7-9ab5-198ba4bf1f2a,dbba83e3-d6c0-4ddd-96bc-ce60e609efea,2025-07-25,2961,109,161.77,1074.32,9,15.06,6.64,0.04,1.48,0.09
f36c461f-5488-4045-83ac-f860e066ee50,8dae7e2b-a901-4f34-8600-71ceb1a53b2b,2026-01-16,18597,305,434.29,3597.4,31,12.07,8.28,0.02,1.42,0.1
f3a16777-d870-4aee-8f91-2a8e81101f94,dbba83e3-d6c0-4ddd-96bc-ce60e609efea,2025-08-01,5687,153,211.27,1065.71,12,19.82,5.04,0.03,1.38,0.08
f430a5fe-49b7-4e9b-90ac-37400115e850,a35aa2e5-045c-467a-ac4e-005db59dec19,2025-04-03,10212,240,286.17,2067.78,16,13.84,7.23,0.02,1.19,0.07
f576809e-c15d-43ff-b495-ed9d4393a94e,dbba83e3-d6c0-4ddd-96bc-ce60e609efea,2025-07-06,14834,224,336.31,2194.89,19,15.32,6.53,0.02,1.5,0.09
f65fcf4d-9e62-49a8-8d63-2ad4d4f603cd,8dae7e2b-a901-4f34-8600-71ceb1a53b2b,2025-12-07,20766,596,644.03,7896.35,61,8.16,12.26,0.03,1.08,0.1
f6c3c286-e407-4b24-a33f-04e68576a826,86586eca-512a-4863-9fdb-f267e9802eda,2025-06-02,5367,190,284.15,1195.24,14,23.77,4.21,0.04,1.49,0.07
f7528749-dd9b-4f35-8556-038dbce36f79,05f90606-0637-47ab-b889-5b3be28e8283,2025-09-15,6227,137,219.72,988.15,13,22.24,4.5,0.02,1.6,0.1
f75df0f3-3f76-47ef-9a6c-4cdd622d1aea,dbba83e3-d6c0-4ddd-96bc-ce60e609efea,2025-08-06,17649,503,432.77,3383.92,44,12.79,7.82,0.03,0.86,0.09
f8fa1c4f-e2b6-4260-b5c1-cad22845096a,05f90606-0637-47ab-b889-5b3be28e8283,2025-11-21,17754,419,473.79,2990.04,38,15.85,6.31,0.02,1.13,0.09
f9ec89cd-8539-44d1-a91b-a918f9ef6cbb,a35aa2e5-045c-467a-ac4e-005db59dec19,2025-03-01,4325,141,158.18,869.49,7,18.19,5.5,0.03,1.12,0.05
fa2e2669-96c0-432b-9abf-3e8e28d779c1,8dae7e2b-a901-4f34-8600-71ceb1a53b2b,2026-01-18,10205,348,411.23,2546.2,33,16.15,6.19,0.03,1.18,0.1
fa55ed02-49dd-4024-963e-7fbed2177426,05f90606-0637-47ab-b889-5b3be28e8283,2025-10-09,4397,168,176.94,1710.94,15,10.34,9.67,0.04,1.05,0.09
faf404de-bf76-4501-8b6c-ba3dfa5da952,a35aa2e5-045c-467a-ac4e-005db59dec19,2025-03-16,4072,101,147.73,642.43,5,23.0,4.35,0.02,1.45,0.06
fbe8b861-1739-483c-926e-f24e7fbd3ea6,8dae7e2b-a901-4f34-8600-71ceb1a53b2b,2026-01-22,16324,573,550.69,6753.05,56,8.15,12.26,0.04,0.96,0.1
fc226b51-b3f9-4945-b81f-71ca07878487,86586eca-512a-4863-9fdb-f267e9802eda,2025-05-25,8112,202,319.69,976.07,13,32.75,3.05,0.02,1.58,0.07
fc27a624-9cd8-40f1-8051-45a80a5b3821,8dae7e2b-a901-4f34-8600-71ceb1a53b2b,2025-12-26,13631,274,263.22,3379.72,32,7.79,12.84,0.02,0.96,0.12
fe844560-cfb4-4375-ac64-3085c6a9ac36,8dae7e2b-a901-4f34-8600-71ceb1a53b2b,2025-12-16,13671,350,416.59,2250.4,35,18.51,5.4,0.03,1.19,0.1
fe92a001-8fb5-4dd1-aa72-0dffb88edae6,8dae7e2b-a901-4f34-8600-71ceb1a53b2b,2025-12-27,11692,304,331.42,3505.72,36,9.45,10.58,0.03,1.09,0.12
fff9214b-e178-4ca4-819d-b18484738c4c,05f90606-0637-47ab-b889-5b3be28e8283,2025-11-16,12323,350,392.45,3769.41,32,10.41,9.6,0.03,1.12,0.09
